study,source_file,object_ref,match_pattern,replacement,expected_matches,approval_status,source_pdf_page,verification_note,candidate_text,classification,review_priority,ledger_status,recommended_action,object_label,action
study_50,supplementary_material,#/tables/10,,,,approved,,,,,,,,,exclude
study_04,main_paper,#/texts/11,0\.2\s+m\s+g\b,0.2 μg,1,approved,1,Source PDF visually verified: PFOS advisory value is 0.2 μg/L.,0.2 m g,approved_repair,resolved,already_approved,No action: existing approved decision will apply.,text,
study_04,main_paper,#/texts/11,0\.4\s+m\s+g\b,0.4 μg,1,approved,1,Source PDF visually verified: PFOA advisory value is 0.4 μg/L.,0.4 m g,approved_repair,resolved,already_approved,No action: existing approved decision will apply.,text,
study_04,main_paper,#/texts/11,50\s+m\s+g\b,50 μg,1,approved,1,Source PDF visually verified: PFOS guideline value is 50 μg/L.,50 m g,approved_repair,resolved,already_approved,No action: existing approved decision will apply.,text,
study_04,main_paper,#/texts/46,150\s+m\s+m\b,150 μm,1,approved,3,Source PDF visually verified: AquaNC particle-diameter range ends at 150 μm.,150 m m,approved_repair,resolved,already_approved,No action: existing approved decision will apply.,text,
study_04,main_paper,#/texts/46,44\s+m\s+min(?=diameter),44 μm in,1,approved,3,Source PDF visually verified: BPL particle diameter is about 44 μm in diameter.,44 m m,approved_repair,resolved,already_approved,No action: existing approved decision will apply.,text,
study_04,main_paper,#/texts/46,9\s+m\s+m\s+in\b,9 μm in,1,approved,3,Source PDF visually verified: ACF20 particle diameter is about 9 μm in diameter.,9 m m,approved_repair,resolved,already_approved,No action: existing approved decision will apply.,text,
study_04,main_paper,#/tables/1,\b(C\s+s|v\s+0)\s+m\s+g\b,\1 μg,4,approved,4,Source PDF visually verified: Table 2 headers express both Cs and v0 in μg units.,m g,approved_repair,resolved,already_approved,No action: existing approved decision will apply.,table,
study_04,main_paper,#/tables/1,\bk\s+mg\s+m\s+g\b,k mg μg,2,approved,4,Source PDF visually verified: Table 2 k headers use mg μg−1 h−1 units.,m g,approved_repair,resolved,already_approved,No action: existing approved decision will apply.,table,
study_04,main_paper,#/tables/2,(?<![A-Za-z])m\ g\b,μg,7,approved,4,Source PDF visually verified: Table 3 units are μg and Docling lost the micro sign.,m g,approved_repair,high,resolved,No action: approved repair will apply.,table,
study_04,main_paper,#/texts/57,0\.2\s+m\s+g\b,0.2 μg,1,approved,4,Source PDF visually verified: PFOS guideline value is 0.2 μg/L.,0.2 m g,approved_repair,resolved,already_approved,No action: existing approved decision will apply.,text,
study_04,main_paper,#/texts/57,0\.3\s+m\s+g\b,0.3 μg,1,approved,4,Source PDF visually verified: adsorption coefficient uses Ce = 0.3 μg/L.,0.3 m g,approved_repair,resolved,already_approved,No action: existing approved decision will apply.,text,
study_04,main_paper,#/texts/57,0\.4\s+m\s+g\b,0.4 μg,1,approved,4,Source PDF visually verified: PFOA guideline value is 0.4 μg/L.,0.4 m g,approved_repair,resolved,already_approved,No action: existing approved decision will apply.,text,
study_05,main_paper,#/texts/37,0\.45\ l\ m,0.45 μm,1,approved,2,,0.45 l m,likely_micro_prefix_loss,medium,needs_pdf_review,"Verify PDF, then set approval_status to approved and record the evidence.",text,
study_05,main_paper,#/texts/57,290\.0\ l\ g,290.0 μg,1,approved,3,,290.0 l g,likely_micro_prefix_loss,high,needs_pdf_review,"Verify PDF, then set approval_status to approved and record the evidence.",text,
study_07,main_paper,#/texts/20,0\.2\ m\ g,0.2 μg,1,approved,1,,0.2 m g,likely_micro_prefix_loss,high,needs_pdf_review,"Verify PDF, then set approval_status to approved and record the evidence.",text,
study_07,main_paper,#/texts/20,0\.4\ m\ g,0.4 μg,1,approved,1,,0.4 m g,likely_micro_prefix_loss,high,needs_pdf_review,"Verify PDF, then set approval_status to approved and record the evidence.",text,
study_07,main_paper,#/texts/40,15\.13\ m\ g,15.13 μg,1,approved,3,,15.13 m g,likely_micro_prefix_loss,high,needs_pdf_review,"Verify PDF, then set approval_status to approved and record the evidence.",text,
study_07,main_paper,#/texts/40,15\.22\ m\ g,15.22 μg,1,approved,3,,15.22 m g,likely_micro_prefix_loss,high,needs_pdf_review,"Verify PDF, then set approval_status to approved and record the evidence.",text,
study_07,main_paper,#/texts/40,410\ m\ mol,410 μmol,1,approved,3,,410 m mol,likely_micro_prefix_loss,high,needs_pdf_review,"Verify PDF, then set approval_status to approved and record the evidence.",text,
study_07,main_paper,#/texts/40,624\ m\ mol,624 μmol,1,approved,3,,624 m mol,likely_micro_prefix_loss,high,needs_pdf_review,"Verify PDF, then set approval_status to approved and record the evidence.",text,
study_07,main_paper,#/texts/40,695\ m\ mol,695 μmol,1,approved,3,,695 m mol,likely_micro_prefix_loss,high,needs_pdf_review,"Verify PDF, then set approval_status to approved and record the evidence.",text,
study_07,main_paper,#/texts/40,737\ m\ mol,737 μmol,1,approved,3,,737 m mol,likely_micro_prefix_loss,high,needs_pdf_review,"Verify PDF, then set approval_status to approved and record the evidence.",text,
study_07,main_paper,#/texts/40,772\ m\ mol,772 μmol,1,approved,3,,772 m mol,likely_micro_prefix_loss,high,needs_pdf_review,"Verify PDF, then set approval_status to approved and record the evidence.",text,
study_07,main_paper,#/texts/40,955\ m\ mol,955 μmol,1,approved,3,,955 m mol,likely_micro_prefix_loss,high,needs_pdf_review,"Verify PDF, then set approval_status to approved and record the evidence.",text,
study_07,main_paper,#/texts/44,174\.5\ m\ mol,174.5 μmol,1,approved,3,,174.5 m mol,likely_micro_prefix_loss,high,needs_pdf_review,"Verify PDF, then set approval_status to approved and record the evidence.",text,
study_07,main_paper,#/texts/44,84\.3\ m\ mol,84.3 μmol,1,approved,3,,84.3 m mol,likely_micro_prefix_loss,high,needs_pdf_review,"Verify PDF, then set approval_status to approved and record the evidence.",text,
study_07,main_paper,#/texts/46,5\ m\ m,5 μm,1,approved,3,,5 m m,likely_micro_prefix_loss,medium,needs_pdf_review,"Verify PDF, then set approval_status to approved and record the evidence.",text,
study_09,main_paper,#/texts/47,0\.22\ m\ m,0.22 μm,1,approved,3,,0.22 m m,likely_micro_prefix_loss,medium,needs_pdf_review,"Verify PDF, then set approval_status to approved and record the evidence.",text,
study_09,main_paper,#/texts/47,20\ m\ L,20 μL,1,approved,3,,20 m L,likely_micro_prefix_loss,high,needs_pdf_review,"Verify PDF, then set approval_status to approved and record the evidence.",text,
study_12,main_paper,#/tables/4,(?<![A-Za-z])m\ g\b,,1,not approve,8,Source PDF visually verified: Table 5 uses mmol g−1 rather than a micro-unit.,m g,not_a_micro_unit,high,resolved,No action: source is not a micro-unit.,table,
study_16,main_paper,#/texts/19,0\.2\ m\ g,0.2 μg,1,approved,1,,0.2 m g,likely_micro_prefix_loss,high,needs_pdf_review,"Verify PDF, then set approval_status to approved and record the evidence.",text,
study_16,main_paper,#/texts/19,0\.4\ m\ g,0.4 μg,1,approved,1,,0.4 m g,likely_micro_prefix_loss,high,needs_pdf_review,"Verify PDF, then set approval_status to approved and record the evidence.",text,
study_16,main_paper,#/texts/59,0\.22\ m\ m,0.22 μm,1,approved,3,,0.22 m m,likely_micro_prefix_loss,medium,needs_pdf_review,"Verify PDF, then set approval_status to approved and record the evidence.",text,
study_16,main_paper,#/texts/60,20\ m\ L,20 μL,1,approved,3,,20 m L,likely_micro_prefix_loss,high,needs_pdf_review,"Verify PDF, then set approval_status to approved and record the evidence.",text,
study_16,main_paper,#/texts/63,17\.05\ m\ m,17.05 μm,1,approved,3,,17.05 m m,likely_micro_prefix_loss,medium,needs_pdf_review,"Verify PDF, then set approval_status to approved and record the evidence.",text,
study_17,main_paper,#/texts/61,5\ l\ g,5 μg,1,approved,3,,5 l g,likely_micro_prefix_loss,high,needs_pdf_review,"Verify PDF, then set approval_status to approved and record the evidence.",text,
study_17,main_paper,#/texts/67,5\ l\ m,5 μm,1,approved,3,,5 l m,likely_micro_prefix_loss,medium,needs_pdf_review,"Verify PDF, then set approval_status to approved and record the evidence.",text,
study_17,main_paper,#/texts/67,5\ m\ M,,1,not approve,3,,5 m M,ambiguous_molarity,critical,needs_pdf_review,Verify PDF: this may be μM or valid mM.,text,
study_17,main_paper,#/texts/112,0\.5\ l\ g,0.5 μg,1,approved,4,,0.5 l g,likely_micro_prefix_loss,high,needs_pdf_review,"Verify PDF, then set approval_status to approved and record the evidence.",text,
study_17,main_paper,#/texts/112,5\ l\ g,5 μg,1,approved,4,,5 l g,likely_micro_prefix_loss,high,needs_pdf_review,"Verify PDF, then set approval_status to approved and record the evidence.",text,
study_23,main_paper,#/texts/8,0\.4\ m\ g,0.4 μg,1,approved,1,,0.4 m g,likely_micro_prefix_loss,high,needs_pdf_review,"Verify PDF, then set approval_status to approved and record the evidence.",text,
study_23,main_paper,#/texts/8,105\ m\ g,105 μg,1,approved,1,,105 m g,likely_micro_prefix_loss,high,needs_pdf_review,"Verify PDF, then set approval_status to approved and record the evidence.",text,
study_23,main_paper,#/texts/34,10\ m\ L,10 μL,1,approved,2,,10 m L,likely_micro_prefix_loss,high,needs_pdf_review,"Verify PDF, then set approval_status to approved and record the evidence.",text,
study_23,main_paper,#/texts/34,5\ m\ m,5 μm,1,approved,2,,5 m m,likely_micro_prefix_loss,medium,needs_pdf_review,"Verify PDF, then set approval_status to approved and record the evidence.",text,
study_26,main_paper,#/texts/58,1\.12\ m\ mol,1.12 μmol,1,approved,3,,1.12 m mol,likely_micro_prefix_loss,high,needs_pdf_review,"Verify PDF, then set approval_status to approved and record the evidence.",text,
study_26,main_paper,#/tables/1,(?<![A-Za-z])m\ m\b,μm,1,approved,4,,m m,likely_micro_prefix_loss,medium,needs_pdf_review,"Verify PDF, then set approval_status to approved and record the evidence.",table,
study_26,main_paper,#/texts/68,0\.05\ m\ g,0.05 μg,1,approved,4,,0.05 m g,likely_micro_prefix_loss,high,needs_pdf_review,"Verify PDF, then set approval_status to approved and record the evidence.",text,
study_26,main_paper,#/texts/68,3\ m\ L,3 μL,1,approved,4,,3 m L,likely_micro_prefix_loss,high,needs_pdf_review,"Verify PDF, then set approval_status to approved and record the evidence.",text,
study_26,main_paper,#/texts/68,3\ m\ m,3 μm,1,approved,4,,3 m m,likely_micro_prefix_loss,medium,needs_pdf_review,"Verify PDF, then set approval_status to approved and record the evidence.",text,
study_26,main_paper,#/texts/69,100\ m\ g,100 μg,1,approved,4,,100 m g,likely_micro_prefix_loss,high,needs_pdf_review,"Verify PDF, then set approval_status to approved and record the evidence.",text,
study_26,main_paper,#/texts/70,5\ m\ m,5 μm,1,approved,4,,5 m m,likely_micro_prefix_loss,medium,needs_pdf_review,"Verify PDF, then set approval_status to approved and record the evidence.",text,
study_26,main_paper,#/tables/2,(?<![A-Za-z])m\ mol\b,,7,not approve,5,Source PDF visually verified: Table 2 uses mmol rather than μmol.,m mol,not_a_micro_unit,high,resolved,No action: source is not a micro-unit.,table,
study_26,main_paper,#/texts/100,1\.12\ m\ mol,1.12 μmol,1,approved,5,,1.12 m mol,likely_micro_prefix_loss,high,needs_pdf_review,"Verify PDF, then set approval_status to approved and record the evidence.",text,
study_26,main_paper,#/texts/100,2\.08\ m\ mol,2.08 μmol,1,approved,5,,2.08 m mol,likely_micro_prefix_loss,high,needs_pdf_review,"Verify PDF, then set approval_status to approved and record the evidence.",text,
study_26,main_paper,#/tables/3,(?<![A-Za-z])m\ mol\b,μmol,2,approved,6,,m mol,likely_micro_prefix_loss,high,needs_pdf_review,"Verify PDF, then set approval_status to approved and record the evidence.",table,
study_26,main_paper,#/texts/164,0\.0044\ m\ mol,0.0044 μmol,1,approved,6,,0.0044 m mol,likely_micro_prefix_loss,high,needs_pdf_review,"Verify PDF, then set approval_status to approved and record the evidence.",text,
study_26,main_paper,#/texts/164,0\.18\ m\ mol,0.18 μmol,1,approved,6,,0.18 m mol,likely_micro_prefix_loss,high,needs_pdf_review,"Verify PDF, then set approval_status to approved and record the evidence.",text,
study_26,main_paper,#/tables/4,(?<![A-Za-z])m\ mol\b,μmol,4,approved,7,,m mol,likely_micro_prefix_loss,high,needs_pdf_review,"Verify PDF, then set approval_status to approved and record the evidence.",table,
study_26,main_paper,#/texts/278,0\.016\ m\ mol,0.016 μmol,1,approved,7,,0.016 m mol,likely_micro_prefix_loss,high,needs_pdf_review,"Verify PDF, then set approval_status to approved and record the evidence.",text,
study_26,main_paper,#/texts/278,0\.048\ m\ mol,0.048 μmol,1,approved,7,,0.048 m mol,likely_micro_prefix_loss,high,needs_pdf_review,"Verify PDF, then set approval_status to approved and record the evidence.",text,
study_26,main_paper,#/texts/278,0\.140\ m\ mol,0.140 μmol,1,approved,7,,0.140 m mol,likely_micro_prefix_loss,high,needs_pdf_review,"Verify PDF, then set approval_status to approved and record the evidence.",text,
study_26,main_paper,#/texts/278,20\ m\ g,20 μg,1,approved,7,,20 m g,likely_micro_prefix_loss,high,needs_pdf_review,"Verify PDF, then set approval_status to approved and record the evidence.",text,
study_26,main_paper,#/texts/278,30\ m\ g,30 μg,1,approved,7,,30 m g,likely_micro_prefix_loss,high,needs_pdf_review,"Verify PDF, then set approval_status to approved and record the evidence.",text,
study_26,main_paper,#/texts/278,8\ m\ g,8 μg,1,approved,7,,8 m g,likely_micro_prefix_loss,high,needs_pdf_review,"Verify PDF, then set approval_status to approved and record the evidence.",text,
study_26,main_paper,#/texts/279,0\.3\ m\ g,0.3 μg,1,approved,7,,0.3 m g,likely_micro_prefix_loss,high,needs_pdf_review,"Verify PDF, then set approval_status to approved and record the evidence.",text,
study_26,main_paper,#/texts/284,0\.016\ m\ mol,0.016 μmol,1,approved,8,,0.016 m mol,likely_micro_prefix_loss,high,needs_pdf_review,"Verify PDF, then set approval_status to approved and record the evidence.",caption,
study_26,main_paper,#/texts/284,0\.05\ m\ mol,0.05 μmol,1,approved,8,,0.05 m mol,likely_micro_prefix_loss,high,needs_pdf_review,"Verify PDF, then set approval_status to approved and record the evidence.",caption,
study_26,main_paper,#/texts/284,0\.140\ m\ mol,0.140 μmol,1,approved,8,,0.140 m mol,likely_micro_prefix_loss,high,needs_pdf_review,"Verify PDF, then set approval_status to approved and record the evidence.",caption,
study_26,main_paper,#/texts/284,20\ m\ g,20 μg,1,approved,8,,20 m g,likely_micro_prefix_loss,high,needs_pdf_review,"Verify PDF, then set approval_status to approved and record the evidence.",caption,
study_26,main_paper,#/texts/284,30\ m\ g,30 μg,1,approved,8,,30 m g,likely_micro_prefix_loss,high,needs_pdf_review,"Verify PDF, then set approval_status to approved and record the evidence.",caption,
study_26,main_paper,#/texts/284,8\ m\ g,8 μg,1,approved,8,,8 m g,likely_micro_prefix_loss,high,needs_pdf_review,"Verify PDF, then set approval_status to approved and record the evidence.",caption,
study_26,main_paper,#/texts/367,20\ m\ g,20 μg,1,approved,9,,20 m g,likely_micro_prefix_loss,high,needs_pdf_review,"Verify PDF, then set approval_status to approved and record the evidence.",text,
study_26,main_paper,#/texts/375,0\.048\ m\ mol,0.048 μmol,1,approved,9,,0.048 m mol,likely_micro_prefix_loss,high,needs_pdf_review,"Verify PDF, then set approval_status to approved and record the evidence.",caption,
study_26,main_paper,#/texts/375,0\.056\ m\ mol,0.056 μmol,1,approved,9,,0.056 m mol,likely_micro_prefix_loss,high,needs_pdf_review,"Verify PDF, then set approval_status to approved and record the evidence.",caption,
study_26,main_paper,#/texts/375,0\.069\ m\ mol,0.069 μmol,1,approved,9,,0.069 m mol,likely_micro_prefix_loss,high,needs_pdf_review,"Verify PDF, then set approval_status to approved and record the evidence.",caption,
study_26,main_paper,#/texts/375,10\ m\ g,10 μg,2,approved,9,,10 m g,likely_micro_prefix_loss,high,needs_pdf_review,"Verify PDF, then set approval_status to approved and record the evidence.",caption,
study_26,main_paper,#/texts/375,20\ m\ g,20 μg,1,approved,9,,20 m g,likely_micro_prefix_loss,high,needs_pdf_review,"Verify PDF, then set approval_status to approved and record the evidence.",caption,
study_27,supplementary_material,#/tables/3,(?<![A-Za-z])l\ \ \ \ L\b,,1,not approve,,Source supplementary PDF visually verified: the entry is I L rather than μL.,l    L,not_a_micro_unit,high,resolved,No action: source is not a micro-unit.,table,
study_34,main_paper,#/texts/12,5\.7\ m\ g,5.7 μg,1,approved,1,,5.7 m g,likely_micro_prefix_loss,high,needs_pdf_review,"Verify PDF, then set approval_status to approved and record the evidence.",text,
study_34,main_paper,#/texts/18,100\ m\ g,100 μg,1,approved,1,,100 m g,likely_micro_prefix_loss,high,needs_pdf_review,"Verify PDF, then set approval_status to approved and record the evidence.",text,
study_34,main_paper,#/texts/18,2\.7\ m\ g,2.7 μg,1,approved,1,,2.7 m g,likely_micro_prefix_loss,high,needs_pdf_review,"Verify PDF, then set approval_status to approved and record the evidence.",text,
study_34,main_paper,#/texts/34,20\ m\ g,20 μg,1,approved,2,,20 m g,likely_micro_prefix_loss,high,needs_pdf_review,"Verify PDF, then set approval_status to approved and record the evidence.",text,
study_34,main_paper,#/texts/38,0\.45\ m\ m,0.45 μm,1,approved,2,,0.45 m m,likely_micro_prefix_loss,medium,needs_pdf_review,"Verify PDF, then set approval_status to approved and record the evidence.",text,
study_34,main_paper,#/texts/38,5\ m\ g,5 μg,1,approved,2,,5 m g,likely_micro_prefix_loss,high,needs_pdf_review,"Verify PDF, then set approval_status to approved and record the evidence.",text,
study_34,main_paper,#/texts/38,5\.7\ m\ g,5.7 μg,1,approved,2,,5.7 m g,likely_micro_prefix_loss,high,needs_pdf_review,"Verify PDF, then set approval_status to approved and record the evidence.",text,
study_34,main_paper,#/texts/66,10\ m\ m,10 μm,2,approved,3,,10 m m,likely_micro_prefix_loss,medium,needs_pdf_review,"Verify PDF, then set approval_status to approved and record the evidence.",text,
study_34,main_paper,#/texts/66,40\ m\ m,40 μm,1,approved,3,,40 m m,likely_micro_prefix_loss,medium,needs_pdf_review,"Verify PDF, then set approval_status to approved and record the evidence.",text,
study_34,main_paper,#/texts/73,0\.45\ m\ m,0.45 μm,1,approved,3,,0.45 m m,likely_micro_prefix_loss,medium,needs_pdf_review,"Verify PDF, then set approval_status to approved and record the evidence.",text,
study_34,main_paper,#/texts/74,20\ m\ L,20 μL,1,approved,3,,20 m L,likely_micro_prefix_loss,high,needs_pdf_review,"Verify PDF, then set approval_status to approved and record the evidence.",text,
study_34,main_paper,#/texts/74,3\.5\ m\ m,3.5 μm,1,approved,3,,3.5 m m,likely_micro_prefix_loss,medium,needs_pdf_review,"Verify PDF, then set approval_status to approved and record the evidence.",text,
study_34,main_paper,#/texts/74,40\ m\ L,40 μL,1,approved,3,,40 m L,likely_micro_prefix_loss,high,needs_pdf_review,"Verify PDF, then set approval_status to approved and record the evidence.",text,
study_34,main_paper,#/texts/74,5\ m\ m,5 μm,1,approved,3,,5 m m,likely_micro_prefix_loss,medium,needs_pdf_review,"Verify PDF, then set approval_status to approved and record the evidence.",text,
study_34,main_paper,#/texts/74,500\ m\ g,500 μg,1,approved,3,,500 m g,likely_micro_prefix_loss,high,needs_pdf_review,"Verify PDF, then set approval_status to approved and record the evidence.",text,
study_34,main_paper,#/tables/0,(?<![A-Za-z])m\ g\b,μg,1,approved,4,Source PDF visually verified: Table 1 K_L unit is L/μg.,m g,approved_repair,high,resolved,No action: approved repair will apply.,table,
study_34,main_paper,#/texts/89,658\.5\ m\ g,658.5 μg,1,approved,4,,658.5 m g,likely_micro_prefix_loss,high,needs_pdf_review,"Verify PDF, then set approval_status to approved and record the evidence.",caption,
study_34,main_paper,#/texts/96,658\.5\ m\ g,658.5 μg,1,approved,5,,658.5 m g,likely_micro_prefix_loss,high,needs_pdf_review,"Verify PDF, then set approval_status to approved and record the evidence.",caption,
study_34,main_paper,#/texts/107,1322\.6\ m\ g,1322.6 μg,1,approved,6,,1322.6 m g,likely_micro_prefix_loss,high,needs_pdf_review,"Verify PDF, then set approval_status to approved and record the evidence.",text,
study_34,main_paper,#/texts/107,2\.7\ m\ g,2.7 μg,1,approved,6,,2.7 m g,likely_micro_prefix_loss,high,needs_pdf_review,"Verify PDF, then set approval_status to approved and record the evidence.",text,
study_34,main_paper,#/texts/107,99\.2\ m\ g,99.2 μg,2,approved,6,,99.2 m g,likely_micro_prefix_loss,high,needs_pdf_review,"Verify PDF, then set approval_status to approved and record the evidence.",text,
study_34,main_paper,#/texts/122,2\.7\ m\ g,2.7 μg,1,approved,7,,2.7 m g,likely_micro_prefix_loss,high,needs_pdf_review,"Verify PDF, then set approval_status to approved and record the evidence.",text,
study_37,main_paper,#/tables/1,(?<![A-Za-z])m\ g\b,,1,not approve,5,Source PDF visually verified: BET surface area is m² g−1 rather than a micro-unit.,m g,not_a_micro_unit,high,resolved,No action: source is not a micro-unit.,table,
study_52,main_paper,#/texts/49,0\.45\ m\ m,0.45 μm,2,approved,3,,0.45 m m,likely_micro_prefix_loss,medium,needs_pdf_review,"Verify PDF, then set approval_status to approved and record the evidence.",text,
study_52,main_paper,#/texts/52,10\ m\ L,10 μL,1,approved,3,,10 m L,likely_micro_prefix_loss,high,needs_pdf_review,"Verify PDF, then set approval_status to approved and record the evidence.",text,
study_52,main_paper,#/texts/52,5\ m\ m,5 μm,2,approved,3,,5 m m,likely_micro_prefix_loss,medium,needs_pdf_review,"Verify PDF, then set approval_status to approved and record the evidence.",text,
study_52,main_paper,#/texts/52,6\ m\ m,6 μm,1,approved,3,,6 m m,likely_micro_prefix_loss,medium,needs_pdf_review,"Verify PDF, then set approval_status to approved and record the evidence.",text,
study_57,main_paper,#/texts/17,10\ m\ g,10 μg,1,approved,1,,10 m g,likely_micro_prefix_loss,high,needs_pdf_review,"Verify PDF, then set approval_status to approved and record the evidence.",text,
study_57,main_paper,#/texts/33,375\ m\ m,375 μm,1,approved,2,,375 m m,likely_micro_prefix_loss,medium,needs_pdf_review,"Verify PDF, then set approval_status to approved and record the evidence.",text,
study_57,main_paper,#/texts/45,0\.45\ m\ m,0.45 μm,1,approved,3,,0.45 m m,likely_micro_prefix_loss,medium,needs_pdf_review,"Verify PDF, then set approval_status to approved and record the evidence.",text,
study_57,main_paper,#/texts/45,10\ m\ g,10 μg,1,approved,3,,10 m g,likely_micro_prefix_loss,high,needs_pdf_review,"Verify PDF, then set approval_status to approved and record the evidence.",text,
study_57,main_paper,#/texts/47,0\.45\ m\ m,0.45 μm,1,approved,3,,0.45 m m,likely_micro_prefix_loss,medium,needs_pdf_review,"Verify PDF, then set approval_status to approved and record the evidence.",text,
study_57,main_paper,#/texts/49,0\.45\ m\ m,0.45 μm,1,approved,3,,0.45 m m,likely_micro_prefix_loss,medium,needs_pdf_review,"Verify PDF, then set approval_status to approved and record the evidence.",text,
study_57,main_paper,#/texts/50,0\.3\ m\ m,0.3 μm,1,approved,3,,0.3 m m,likely_micro_prefix_loss,medium,needs_pdf_review,"Verify PDF, then set approval_status to approved and record the evidence.",text,
study_57,main_paper,#/texts/52,0\.45\ m\ m,0.45 μm,1,approved,3,,0.45 m m,likely_micro_prefix_loss,medium,needs_pdf_review,"Verify PDF, then set approval_status to approved and record the evidence.",text,
study_57,main_paper,#/texts/52,10\ m\ g,10 μg,1,approved,3,,10 m g,likely_micro_prefix_loss,high,needs_pdf_review,"Verify PDF, then set approval_status to approved and record the evidence.",text,
study_57,main_paper,#/texts/66,0\.5\ m\ g,0.5 μg,1,approved,4,,0.5 m g,likely_micro_prefix_loss,high,needs_pdf_review,"Verify PDF, then set approval_status to approved and record the evidence.",text,
study_57,main_paper,#/texts/66,3\.5\ m\ m,3.5 μm,2,approved,4,,3.5 m m,likely_micro_prefix_loss,medium,needs_pdf_review,"Verify PDF, then set approval_status to approved and record the evidence.",text,
study_57,main_paper,#/texts/66,4\ m\ L,4 μL,1,approved,4,,4 m L,likely_micro_prefix_loss,high,needs_pdf_review,"Verify PDF, then set approval_status to approved and record the evidence.",text,
study_57,main_paper,#/texts/69,10\ m\ g,10 μg,1,approved,4,,10 m g,likely_micro_prefix_loss,high,needs_pdf_review,"Verify PDF, then set approval_status to approved and record the evidence.",text,
study_57,main_paper,#/texts/75,10\ m\ g,10 μg,1,approved,5,,10 m g,likely_micro_prefix_loss,high,needs_pdf_review,"Verify PDF, then set approval_status to approved and record the evidence.",caption,
study_57,main_paper,#/texts/76,10\ m\ g,10 μg,1,approved,5,,10 m g,likely_micro_prefix_loss,high,needs_pdf_review,"Verify PDF, then set approval_status to approved and record the evidence.",caption,
study_57,main_paper,#/texts/80,10\ m\ g,10 μg,1,approved,6,,10 m g,likely_micro_prefix_loss,high,needs_pdf_review,"Verify PDF, then set approval_status to approved and record the evidence.",text,
study_57,main_paper,#/texts/87,10\ m\ g,10 μg,1,approved,6,,10 m g,likely_micro_prefix_loss,high,needs_pdf_review,"Verify PDF, then set approval_status to approved and record the evidence.",text,
study_57,main_paper,#/texts/90,10\ m\ g,10 μg,2,approved,7,,10 m g,likely_micro_prefix_loss,high,needs_pdf_review,"Verify PDF, then set approval_status to approved and record the evidence.",caption,
study_57,main_paper,#/texts/92,0\.3\ m\ mol,0.3 μmol,1,approved,7,,0.3 m mol,likely_micro_prefix_loss,high,needs_pdf_review,"Verify PDF, then set approval_status to approved and record the evidence.",text,
study_57,main_paper,#/texts/92,3\.32\ m\ mol,3.32 μmol,1,approved,7,,3.32 m mol,likely_micro_prefix_loss,high,needs_pdf_review,"Verify PDF, then set approval_status to approved and record the evidence.",text,
study_57,main_paper,#/texts/96,0\.02\ m\ mol,0.02 μmol,1,approved,8,,0.02 m mol,likely_micro_prefix_loss,high,needs_pdf_review,"Verify PDF, then set approval_status to approved and record the evidence.",text,
study_57,main_paper,#/texts/96,0\.03\ m\ mol,0.03 μmol,1,approved,8,,0.03 m mol,likely_micro_prefix_loss,high,needs_pdf_review,"Verify PDF, then set approval_status to approved and record the evidence.",text,
study_57,main_paper,#/texts/96,0\.04\ m\ mol,0.04 μmol,1,approved,8,,0.04 m mol,likely_micro_prefix_loss,high,needs_pdf_review,"Verify PDF, then set approval_status to approved and record the evidence.",text,
study_57,main_paper,#/texts/96,0\.2\ m\ mol,0.2 μmol,1,approved,8,,0.2 m mol,likely_micro_prefix_loss,high,needs_pdf_review,"Verify PDF, then set approval_status to approved and record the evidence.",text,
study_57,main_paper,#/texts/96,1\.32\ m\ mol,1.32 μmol,1,approved,8,,1.32 m mol,likely_micro_prefix_loss,high,needs_pdf_review,"Verify PDF, then set approval_status to approved and record the evidence.",text,
study_57,main_paper,#/texts/96,1\.65\ m\ mol,1.65 μmol,1,approved,8,,1.65 m mol,likely_micro_prefix_loss,high,needs_pdf_review,"Verify PDF, then set approval_status to approved and record the evidence.",text,
study_57,main_paper,#/texts/111,10\ m\ g,10 μg,2,approved,10,,10 m g,likely_micro_prefix_loss,high,needs_pdf_review,"Verify PDF, then set approval_status to approved and record the evidence.",text,
study_57,main_paper,#/texts/112,10\ m\ g,10 μg,2,approved,10,,10 m g,likely_micro_prefix_loss,high,needs_pdf_review,"Verify PDF, then set approval_status to approved and record the evidence.",footnote,
study_57,main_paper,#/texts/139,10\ m\ g,10 μg,1,approved,11,,10 m g,likely_micro_prefix_loss,high,needs_pdf_review,"Verify PDF, then set approval_status to approved and record the evidence.",list_item,
study_57,main_paper,#/texts/144,3\ m\ mol,3 μmol,1,approved,11,,3 m mol,likely_micro_prefix_loss,high,needs_pdf_review,"Verify PDF, then set approval_status to approved and record the evidence.",list_item,
study_61,main_paper,#/texts/42,0\.22\ m\ m,0.22 μm,1,approved,3,,0.22 m m,likely_micro_prefix_loss,medium,needs_pdf_review,"Verify PDF, then set approval_status to approved and record the evidence.",text,
study_61,main_paper,#/texts/42,20\ m\ L,20 μL,1,approved,3,,20 m L,likely_micro_prefix_loss,high,needs_pdf_review,"Verify PDF, then set approval_status to approved and record the evidence.",text,
study_64,main_paper,#/texts/56,5\ l\ g,5 μg,1,approved,3,,5 l g,likely_micro_prefix_loss,high,needs_pdf_review,"Verify PDF, then set approval_status to approved and record the evidence.",text,
study_64,main_paper,#/texts/75,0\.02\ l\ g,0.02 μg,1,approved,4,,0.02 l g,likely_micro_prefix_loss,high,needs_pdf_review,"Verify PDF, then set approval_status to approved and record the evidence.",text,
study_64,main_paper,#/texts/75,10\ l\ g,10 μg,1,approved,4,,10 l g,likely_micro_prefix_loss,high,needs_pdf_review,"Verify PDF, then set approval_status to approved and record the evidence.",text,
study_64,main_paper,#/texts/75,5\ l\ m,5 μm,1,approved,4,,5 l m,likely_micro_prefix_loss,medium,needs_pdf_review,"Verify PDF, then set approval_status to approved and record the evidence.",text,
study_64,main_paper,#/texts/91,0\.5\ l\ g,0.5 μg,2,approved,5,,0.5 l g,likely_micro_prefix_loss,high,needs_pdf_review,"Verify PDF, then set approval_status to approved and record the evidence.",text,
study_68,main_paper,#/texts/46,1\ m\ g,1 μg,1,approved,3,,1 m g,likely_micro_prefix_loss,high,needs_pdf_review,"Verify PDF, then set approval_status to approved and record the evidence.",text,
study_71,main_paper,#/texts/31,100\ m\ g,100 μg,1,approved,2,,100 m g,likely_micro_prefix_loss,high,needs_pdf_review,"Verify PDF, then set approval_status to approved and record the evidence.",text,
study_71,main_paper,#/texts/34,1700\ m\ m,1700 μm,1,approved,2,,1700 m m,likely_micro_prefix_loss,medium,needs_pdf_review,"Verify PDF, then set approval_status to approved and record the evidence.",text,
study_71,main_paper,#/texts/36,0\.22\ m\ m,0.22 μm,1,approved,2,,0.22 m m,likely_micro_prefix_loss,medium,needs_pdf_review,"Verify PDF, then set approval_status to approved and record the evidence.",text,
study_71,main_paper,#/texts/41,0\.45\ m\ m,0.45 μm,2,approved,3,,0.45 m m,likely_micro_prefix_loss,medium,needs_pdf_review,"Verify PDF, then set approval_status to approved and record the evidence.",text,
study_71,main_paper,#/texts/43,12\ m\ m,12 μm,1,approved,3,,12 m m,likely_micro_prefix_loss,medium,needs_pdf_review,"Verify PDF, then set approval_status to approved and record the evidence.",text,
study_71,main_paper,#/texts/43,300\ m\ L,300 μL,1,approved,3,,300 m L,likely_micro_prefix_loss,high,needs_pdf_review,"Verify PDF, then set approval_status to approved and record the evidence.",text,
study_71,main_paper,#/texts/43,5\ m\ m,5 μm,1,approved,3,,5 m m,likely_micro_prefix_loss,medium,needs_pdf_review,"Verify PDF, then set approval_status to approved and record the evidence.",text,
study_71,main_paper,#/texts/60,1700\ m\ m,1700 μm,1,approved,3,,1700 m m,likely_micro_prefix_loss,medium,needs_pdf_review,"Verify PDF, then set approval_status to approved and record the evidence.",text,
study_71,main_paper,#/texts/60,212\ m\ m,212 μm,1,approved,3,,212 m m,likely_micro_prefix_loss,medium,needs_pdf_review,"Verify PDF, then set approval_status to approved and record the evidence.",text,
study_71,main_paper,#/texts/60,425\ m\ m,425 μm,1,approved,3,,425 m m,likely_micro_prefix_loss,medium,needs_pdf_review,"Verify PDF, then set approval_status to approved and record the evidence.",text,
study_71,main_paper,#/texts/60,63\ m\ m,63 μm,1,approved,3,,63 m m,likely_micro_prefix_loss,medium,needs_pdf_review,"Verify PDF, then set approval_status to approved and record the evidence.",text,
study_71,main_paper,#/texts/60,75\ m\ m,75 μm,1,approved,3,,75 m m,likely_micro_prefix_loss,medium,needs_pdf_review,"Verify PDF, then set approval_status to approved and record the evidence.",text,
study_71,main_paper,#/texts/60,850\ m\ m,850 μm,1,approved,3,,850 m m,likely_micro_prefix_loss,medium,needs_pdf_review,"Verify PDF, then set approval_status to approved and record the evidence.",text,
study_71,main_paper,#/texts/114,212\ m\ m,212 μm,1,approved,4,,212 m m,likely_micro_prefix_loss,medium,needs_pdf_review,"Verify PDF, then set approval_status to approved and record the evidence.",text,
study_71,main_paper,#/texts/114,75\ m\ m,75 μm,1,approved,4,,75 m m,likely_micro_prefix_loss,medium,needs_pdf_review,"Verify PDF, then set approval_status to approved and record the evidence.",text,
study_71,main_paper,#/texts/147,212\ m\ m,212 μm,1,approved,5,,212 m m,likely_micro_prefix_loss,medium,needs_pdf_review,"Verify PDF, then set approval_status to approved and record the evidence.",text,
study_74,main_paper,#/texts/33,1\.0\ l\ M,1.0 μM,1,approved,2,,1.0 l M,likely_micro_prefix_loss,high,needs_pdf_review,"Verify PDF, then set approval_status to approved and record the evidence.",text,
study_74,main_paper,#/texts/33,40\ l\ L,40 μL,2,approved,2,,40 l L,likely_micro_prefix_loss,high,needs_pdf_review,"Verify PDF, then set approval_status to approved and record the evidence.",text,
study_74,main_paper,#/tables/0,(?<![A-Za-z])l\ g\b,μg,1,approved,4,,l g,likely_micro_prefix_loss,high,needs_pdf_review,"Verify PDF, then set approval_status to approved and record the evidence.",table,
study_74,main_paper,#/texts/347,7\ l\ M,7 μM,1,approved,6,,7 l M,likely_micro_prefix_loss,high,needs_pdf_review,"Verify PDF, then set approval_status to approved and record the evidence.",list_item,
study_81,main_paper,#/texts/17,1\ l\ g,1 μg,1,approved,1,,1 l g,likely_micro_prefix_loss,high,needs_pdf_review,"Verify PDF, then set approval_status to approved and record the evidence.",text,
study_81,main_paper,#/texts/21,1\ l\ g,1 μg,1,approved,1,,1 l g,likely_micro_prefix_loss,high,needs_pdf_review,"Verify PDF, then set approval_status to approved and record the evidence.",text,
study_81,main_paper,#/texts/34,5000\ l\ g,5000 μg,1,approved,2,,5000 l g,likely_micro_prefix_loss,high,needs_pdf_review,"Verify PDF, then set approval_status to approved and record the evidence.",text,
study_81,main_paper,#/texts/35,5000\ l\ g,5000 μg,1,approved,2,,5000 l g,likely_micro_prefix_loss,high,needs_pdf_review,"Verify PDF, then set approval_status to approved and record the evidence.",text,
study_81,main_paper,#/texts/50,1\ l\ g,1 μg,2,approved,2,,1 l g,likely_micro_prefix_loss,high,needs_pdf_review,"Verify PDF, then set approval_status to approved and record the evidence.",text,
study_81,main_paper,#/texts/50,2\.6\ l\ g,2.6 μg,1,approved,2,,2.6 l g,likely_micro_prefix_loss,high,needs_pdf_review,"Verify PDF, then set approval_status to approved and record the evidence.",text,
study_81,main_paper,#/texts/50,28\.4\ l\ g,28.4 μg,1,approved,2,,28.4 l g,likely_micro_prefix_loss,high,needs_pdf_review,"Verify PDF, then set approval_status to approved and record the evidence.",text,
study_81,main_paper,#/texts/51,0\.1\ l\ g,0.1 μg,1,approved,2,,0.1 l g,likely_micro_prefix_loss,high,needs_pdf_review,"Verify PDF, then set approval_status to approved and record the evidence.",text,
study_81,main_paper,#/texts/51,1\ l\ g,1 μg,2,approved,2,,1 l g,likely_micro_prefix_loss,high,needs_pdf_review,"Verify PDF, then set approval_status to approved and record the evidence.",text,
study_81,main_paper,#/texts/149,0\.9\ l\ g,0.9 μg,1,approved,3,,0.9 l g,likely_micro_prefix_loss,high,needs_pdf_review,"Verify PDF, then set approval_status to approved and record the evidence.",text,
study_81,main_paper,#/texts/149,2\.01\ l\ g,2.01 μg,1,approved,3,,2.01 l g,likely_micro_prefix_loss,high,needs_pdf_review,"Verify PDF, then set approval_status to approved and record the evidence.",text,
study_81,main_paper,#/texts/160,1\ l\ g,1 μg,2,approved,4,,1 l g,likely_micro_prefix_loss,high,needs_pdf_review,"Verify PDF, then set approval_status to approved and record the evidence.",text,
study_81,main_paper,#/texts/160,79\.1\ l\ g,79.1 μg,1,approved,4,,79.1 l g,likely_micro_prefix_loss,high,needs_pdf_review,"Verify PDF, then set approval_status to approved and record the evidence.",text,
study_81,main_paper,#/texts/160,81\.3\ l\ g,81.3 μg,1,approved,4,,81.3 l g,likely_micro_prefix_loss,high,needs_pdf_review,"Verify PDF, then set approval_status to approved and record the evidence.",text,
study_81,main_paper,#/texts/162,5000\ l\ g,5000 μg,1,approved,4,,5000 l g,likely_micro_prefix_loss,high,needs_pdf_review,"Verify PDF, then set approval_status to approved and record the evidence.",text,
study_81,main_paper,#/texts/169,1\ l\ g,1 μg,2,approved,4,,1 l g,likely_micro_prefix_loss,high,needs_pdf_review,"Verify PDF, then set approval_status to approved and record the evidence.",text,
study_84,main_paper,#/tables/1,(?<![A-Za-z])l\ mmol\b,,1,not approve,7,Source PDF visually verified: Langmuir b unit is L mmol−1 rather than μmol.,l mmol,not_a_micro_unit,high,resolved,No action: source is not a micro-unit.,table,
study_87,supplementary_material,#/tables/4,(?<![A-Za-z])m\ g\b,,1,not approve,18,Source PDF visually verified: Table S4 uses mg L−1 and mg g−1 rather than μg.,m g,not_a_micro_unit,high,resolved,No action: source is not a micro-unit.,table,
study_92,main_paper,#/texts/101,1\ m\ g,1 μg,1,approved,3,,1 m g,likely_micro_prefix_loss,high,needs_pdf_review,"Verify PDF, then set approval_status to approved and record the evidence.",text,
study_92,main_paper,#/texts/101,425850\ m\ m,425850 μm,1,approved,3,,425850 m m,likely_micro_prefix_loss,medium,needs_pdf_review,"Verify PDF, then set approval_status to approved and record the evidence.",text,
study_92,main_paper,#/texts/102,1\ m\ g,1 μg,1,approved,3,,1 m g,likely_micro_prefix_loss,high,needs_pdf_review,"Verify PDF, then set approval_status to approved and record the evidence.",caption,
study_92,main_paper,#/texts/75,1\ m\ g,1 μg,1,approved,3,,1 m g,likely_micro_prefix_loss,high,needs_pdf_review,"Verify PDF, then set approval_status to approved and record the evidence.",text,
study_92,main_paper,#/texts/75,2\ m\ g,2 μg,1,approved,3,,2 m g,likely_micro_prefix_loss,high,needs_pdf_review,"Verify PDF, then set approval_status to approved and record the evidence.",text,
study_92,main_paper,#/texts/76,2\ m\ g,2 μg,1,approved,3,,2 m g,likely_micro_prefix_loss,high,needs_pdf_review,"Verify PDF, then set approval_status to approved and record the evidence.",caption,
study_92,main_paper,#/texts/153,75\ m\ m,75 μm,1,approved,4,,75 m m,likely_micro_prefix_loss,medium,needs_pdf_review,"Verify PDF, then set approval_status to approved and record the evidence.",text,
study_94,main_paper,#/texts/46,10\ l\ L,10 μL,1,approved,3,,10 l L,likely_micro_prefix_loss,high,needs_pdf_review,"Verify PDF, then set approval_status to approved and record the evidence.",text,
study_94,main_paper,#/texts/46,5\ l\ m,5 μm,1,approved,3,,5 l m,likely_micro_prefix_loss,medium,needs_pdf_review,"Verify PDF, then set approval_status to approved and record the evidence.",text,
study_94,main_paper,#/texts/51,0\.08\ l\ g,0.08 μg,1,approved,4,,0.08 l g,likely_micro_prefix_loss,high,needs_pdf_review,"Verify PDF, then set approval_status to approved and record the evidence.",text,
study_94,main_paper,#/texts/51,5\ m\ M,,1,not approve,4,Source PDF visually verified: mobile phase contains 5 mM ammonium acetate.,5 m M,not_a_micro_unit,critical,resolved,No action: source is valid mM.,text,
study_95,main_paper,#/texts/33,0\.01\ m\ g,0.01 μg,1,approved,2,,0.01 m g,likely_micro_prefix_loss,high,needs_pdf_review,"Verify PDF, then set approval_status to approved and record the evidence.",text,
study_95,main_paper,#/texts/65,0\.45\ m\ m,0.45 μm,1,approved,3,,0.45 m m,likely_micro_prefix_loss,medium,needs_pdf_review,"Verify PDF, then set approval_status to approved and record the evidence.",text,
study_95,main_paper,#/texts/65,1\ m\ g,1 μg,1,approved,3,,1 m g,likely_micro_prefix_loss,high,needs_pdf_review,"Verify PDF, then set approval_status to approved and record the evidence.",text,
study_95,main_paper,#/texts/73,000\ m\ g,000 μg,1,approved,3,,000 m g,likely_micro_prefix_loss,high,needs_pdf_review,"Verify PDF, then set approval_status to approved and record the evidence.",text,
study_95,main_paper,#/texts/86,1\ m\ g,1 μg,1,approved,4,,1 m g,likely_micro_prefix_loss,high,needs_pdf_review,"Verify PDF, then set approval_status to approved and record the evidence.",caption,
study_95,main_paper,#/texts/94,1\ m\ g,1 μg,1,approved,4,,1 m g,likely_micro_prefix_loss,high,needs_pdf_review,"Verify PDF, then set approval_status to approved and record the evidence.",caption,
study_95,main_paper,#/texts/121,0\.58\ m\ g,0.58 μg,1,approved,5,,0.58 m g,likely_micro_prefix_loss,high,needs_pdf_review,"Verify PDF, then set approval_status to approved and record the evidence.",text,
study_95,main_paper,#/texts/121,2\.2\ m\ g,2.2 μg,1,approved,5,,2.2 m g,likely_micro_prefix_loss,high,needs_pdf_review,"Verify PDF, then set approval_status to approved and record the evidence.",text,
study_97,main_paper,#/texts/56,000\ m\ g,000 μg,1,approved,3,,000 m g,likely_micro_prefix_loss,high,needs_pdf_review,"Verify PDF, then set approval_status to approved and record the evidence.",text,
study_97,main_paper,#/texts/56,500\ m\ g,500 μg,2,approved,3,,500 m g,likely_micro_prefix_loss,high,needs_pdf_review,"Verify PDF, then set approval_status to approved and record the evidence.",text,
study_97,main_paper,#/texts/56,5000\ m\ g,5000 μg,1,approved,3,,5000 m g,likely_micro_prefix_loss,high,needs_pdf_review,"Verify PDF, then set approval_status to approved and record the evidence.",text,
study_97,main_paper,#/texts/59,0\.1\ m\ g,0.1 μg,1,approved,3,,0.1 m g,likely_micro_prefix_loss,high,needs_pdf_review,"Verify PDF, then set approval_status to approved and record the evidence.",text,
study_97,main_paper,#/texts/59,1\ m\ g,1 μg,1,approved,3,,1 m g,likely_micro_prefix_loss,high,needs_pdf_review,"Verify PDF, then set approval_status to approved and record the evidence.",text,
study_97,main_paper,#/texts/62,1\ m\ g,1 μg,1,approved,3,,1 m g,likely_micro_prefix_loss,high,needs_pdf_review,"Verify PDF, then set approval_status to approved and record the evidence.",text,
study_97,main_paper,#/texts/195,500\ m\ g,500 μg,1,approved,6,,500 m g,likely_micro_prefix_loss,high,needs_pdf_review,"Verify PDF, then set approval_status to approved and record the evidence.",text,
study_97,main_paper,#/texts/195,5000\ m\ g,5000 μg,1,approved,6,,5000 m g,likely_micro_prefix_loss,high,needs_pdf_review,"Verify PDF, then set approval_status to approved and record the evidence.",text,
study_97,main_paper,#/texts/196,500\ m\ g,500 μg,5,approved,6,,500 m g,likely_micro_prefix_loss,high,needs_pdf_review,"Verify PDF, then set approval_status to approved and record the evidence.",caption,
study_97,main_paper,#/texts/196,5000\ m\ g,5000 μg,5,approved,6,,5000 m g,likely_micro_prefix_loss,high,needs_pdf_review,"Verify PDF, then set approval_status to approved and record the evidence.",caption,
study_97,main_paper,#/texts/309,500\ m\ g,500 μg,2,approved,7,,500 m g,likely_micro_prefix_loss,high,needs_pdf_review,"Verify PDF, then set approval_status to approved and record the evidence.",text,
study_97,main_paper,#/texts/309,5000\ m\ g,5000 μg,1,approved,7,,5000 m g,likely_micro_prefix_loss,high,needs_pdf_review,"Verify PDF, then set approval_status to approved and record the evidence.",text,
study_97,main_paper,#/texts/310,500\ m\ g,500 μg,1,approved,7,,500 m g,likely_micro_prefix_loss,high,needs_pdf_review,"Verify PDF, then set approval_status to approved and record the evidence.",text,
study_97,main_paper,#/texts/310,5000\ m\ g,5000 μg,1,approved,7,,5000 m g,likely_micro_prefix_loss,high,needs_pdf_review,"Verify PDF, then set approval_status to approved and record the evidence.",text,
study_102,main_paper,#/texts/48,1\.7\ m\ m,1.7 μm,1,approved,2,,1.7 m m,likely_micro_prefix_loss,medium,needs_pdf_review,"Verify PDF, then set approval_status to approved and record the evidence.",text,
study_102,main_paper,#/texts/55,6\.85\ m\ g,6.85 μg,1,approved,2,,6.85 m g,likely_micro_prefix_loss,high,needs_pdf_review,"Verify PDF, then set approval_status to approved and record the evidence.",text,
study_102,main_paper,#/tables/1,(?<![A-Za-z])m\ g\b,μg,3,approved,3,Source PDF visually verified: Table 2 adsorption units are μg m−2.,m g,approved_repair,high,resolved,No action: approved repair will apply.,table,
study_102,main_paper,#/tables/1,(?<![A-Za-z])m\ gm\b,μg m,1,approved,3,Source PDF visually verified: Table 2 adsorption units are μg m−2.,m gm,approved_repair,high,resolved,No action: approved repair will apply.,table,
study_102,main_paper,#/texts/103,3\.22\ m\ g,3.22 μg,1,approved,3,,3.22 m g,likely_micro_prefix_loss,high,needs_pdf_review,"Verify PDF, then set approval_status to approved and record the evidence.",text,
study_102,main_paper,#/texts/111,2\ m\ g,2 μg,1,approved,3,,2 m g,likely_micro_prefix_loss,high,needs_pdf_review,"Verify PDF, then set approval_status to approved and record the evidence.",text,
study_102,main_paper,#/texts/112,2\ m\ g,2 μg,2,approved,3,,2 m g,likely_micro_prefix_loss,high,needs_pdf_review,"Verify PDF, then set approval_status to approved and record the evidence.",text,
study_102,main_paper,#/tables/3,(?<![A-Za-z])m\ gm\b,μg m,1,approved,5,Source PDF visually verified: Table 4 adsorption units are μg m−2.,m gm,approved_repair,high,resolved,No action: approved repair will apply.,table,
study_109,main_paper,#/texts/42,0\.22\ l\ m,0.22 μm,1,approved,3,,0.22 l m,likely_micro_prefix_loss,medium,needs_pdf_review,"Verify PDF, then set approval_status to approved and record the evidence.",text,
study_109,main_paper,#/texts/42,20\ l\ L,20 μL,1,approved,3,,20 l L,likely_micro_prefix_loss,high,needs_pdf_review,"Verify PDF, then set approval_status to approved and record the evidence.",text,
study_119,main_paper,#/tables/0,(?<![A-Za-z])m\ L\b,μL,1,not approve,3,,m L,likely_micro_prefix_loss,high,needs_pdf_review,"Verify PDF, then set approval_status to approved and record the evidence.",table,
study_124,main_paper,#/texts/57,0\.22\ l\ m,0.22 μm,1,approved,2,,0.22 l m,likely_micro_prefix_loss,medium,needs_pdf_review,"Verify PDF, then set approval_status to approved and record the evidence.",text,
study_124,main_paper,#/texts/57,1\.9\ l\ m,1.9 μm,1,approved,2,,1.9 l m,likely_micro_prefix_loss,medium,needs_pdf_review,"Verify PDF, then set approval_status to approved and record the evidence.",text,
study_124,main_paper,#/texts/60,1\.5\ l\ L,1.5 μL,1,approved,3,,1.5 l L,likely_micro_prefix_loss,high,needs_pdf_review,"Verify PDF, then set approval_status to approved and record the evidence.",text,
study_128,main_paper,#/texts/57,1\ m\ m,1 μm,1,approved,3,,1 m m,likely_micro_prefix_loss,medium,needs_pdf_review,"Verify PDF, then set approval_status to approved and record the evidence.",text,
study_128,main_paper,#/texts/121,0\.6\ m\ g,0.6 μg,1,approved,6,,0.6 m g,likely_micro_prefix_loss,high,needs_pdf_review,"Verify PDF, then set approval_status to approved and record the evidence.",text,
study_128,main_paper,#/tables/4,(?<![A-Za-z])m\ g\b,μg,4,approved,7,Source PDF visually verified: Table 5 exchange capacities are μg g−1.,m g,approved_repair,high,resolved,No action: approved repair will apply.,table,
study_128,main_paper,#/texts/125,1\.5\ m\ g,1.5 μg,1,approved,7,,1.5 m g,likely_micro_prefix_loss,high,needs_pdf_review,"Verify PDF, then set approval_status to approved and record the evidence.",text,
study_128,main_paper,#/texts/125,3\.3\ m\ g,3.3 μg,1,approved,7,,3.3 m g,likely_micro_prefix_loss,high,needs_pdf_review,"Verify PDF, then set approval_status to approved and record the evidence.",text,
study_144,main_paper,#/texts/71,75\ l\ m,75 μm,1,approved,3,,75 l m,likely_micro_prefix_loss,medium,needs_pdf_review,"Verify PDF, then set approval_status to approved and record the evidence.",text,
study_144,main_paper,#/texts/79,11\ l\ m,11 μm,1,approved,4,,11 l m,likely_micro_prefix_loss,medium,needs_pdf_review,"Verify PDF, then set approval_status to approved and record the evidence.",text,
study_161,main_paper,#/texts/48,40\ l\ g,40 μg,1,approved,2,,40 l g,likely_micro_prefix_loss,high,needs_pdf_review,"Verify PDF, then set approval_status to approved and record the evidence.",text,
study_161,main_paper,#/texts/66,0\.45\ l\ m,0.45 μm,1,approved,3,,0.45 l m,likely_micro_prefix_loss,medium,needs_pdf_review,"Verify PDF, then set approval_status to approved and record the evidence.",text,
study_161,main_paper,#/texts/71,102\.9\ l\ g,102.9 μg,1,approved,3,,102.9 l g,likely_micro_prefix_loss,high,needs_pdf_review,"Verify PDF, then set approval_status to approved and record the evidence.",text,
study_161,main_paper,#/texts/71,44\.1\ l\ g,44.1 μg,1,approved,3,,44.1 l g,likely_micro_prefix_loss,high,needs_pdf_review,"Verify PDF, then set approval_status to approved and record the evidence.",text,
study_161,main_paper,#/tables/0,(?<![A-Za-z])l\ g\b,μg,2,approved,4,,l g,likely_micro_prefix_loss,high,needs_pdf_review,"Verify PDF, then set approval_status to approved and record the evidence.",table,
study_161,main_paper,#/texts/151,189\.5\ l\ g,189.5 μg,1,approved,5,,189.5 l g,likely_micro_prefix_loss,high,needs_pdf_review,"Verify PDF, then set approval_status to approved and record the evidence.",text,
study_161,main_paper,#/texts/151,267\.2\ l\ g,267.2 μg,1,approved,5,,267.2 l g,likely_micro_prefix_loss,high,needs_pdf_review,"Verify PDF, then set approval_status to approved and record the evidence.",text,
study_161,main_paper,#/texts/151,334\.1\ l\ g,334.1 μg,1,approved,5,,334.1 l g,likely_micro_prefix_loss,high,needs_pdf_review,"Verify PDF, then set approval_status to approved and record the evidence.",text,
study_161,main_paper,#/texts/151,859\.8\ l\ g,859.8 μg,1,approved,5,,859.8 l g,likely_micro_prefix_loss,high,needs_pdf_review,"Verify PDF, then set approval_status to approved and record the evidence.",text,
study_161,main_paper,#/texts/153,1059\.4\ l\ g,1059.4 μg,1,approved,5,,1059.4 l g,likely_micro_prefix_loss,high,needs_pdf_review,"Verify PDF, then set approval_status to approved and record the evidence.",text,
study_161,main_paper,#/texts/153,345\.6\ l\ g,345.6 μg,1,approved,5,,345.6 l g,likely_micro_prefix_loss,high,needs_pdf_review,"Verify PDF, then set approval_status to approved and record the evidence.",text,
study_161,main_paper,#/tables/2,(?<![A-Za-z])l\ g\b,μg,2,approved,6,Source PDF visually verified: Table 3 q_m and b units use μg.,l g,approved_repair,high,resolved,No action: approved repair will apply.,table,
study_161,main_paper,#/texts/237,0\.6\ l\ g,0.6 μg,1,approved,6,,0.6 l g,likely_micro_prefix_loss,high,needs_pdf_review,"Verify PDF, then set approval_status to approved and record the evidence.",text,
study_161,main_paper,#/texts/237,1\.1\ l\ mol,1.1 μmol,1,approved,6,,1.1 l mol,likely_micro_prefix_loss,high,needs_pdf_review,"Verify PDF, then set approval_status to approved and record the evidence.",text,
study_161,main_paper,#/texts/237,1\.2\ l\ g,1.2 μg,1,approved,6,,1.2 l g,likely_micro_prefix_loss,high,needs_pdf_review,"Verify PDF, then set approval_status to approved and record the evidence.",text,
study_161,main_paper,#/texts/237,1\.3\ l\ g,1.3 μg,1,approved,6,,1.3 l g,likely_micro_prefix_loss,high,needs_pdf_review,"Verify PDF, then set approval_status to approved and record the evidence.",text,
study_161,main_paper,#/texts/237,27\.1\ l\ g,27.1 μg,1,approved,6,,27.1 l g,likely_micro_prefix_loss,high,needs_pdf_review,"Verify PDF, then set approval_status to approved and record the evidence.",text,
study_161,main_paper,#/texts/237,400\ l\ mol,400 μmol,1,approved,6,,400 l mol,likely_micro_prefix_loss,high,needs_pdf_review,"Verify PDF, then set approval_status to approved and record the evidence.",text,
study_161,main_paper,#/texts/237,9\.3\ l\ g,9.3 μg,1,approved,6,,9.3 l g,likely_micro_prefix_loss,high,needs_pdf_review,"Verify PDF, then set approval_status to approved and record the evidence.",text,
study_161,main_paper,#/texts/325,106\.9\ l\ g,106.9 μg,1,approved,7,,106.9 l g,likely_micro_prefix_loss,high,needs_pdf_review,"Verify PDF, then set approval_status to approved and record the evidence.",text,
study_161,main_paper,#/texts/325,143\.7\ l\ g,143.7 μg,1,approved,7,,143.7 l g,likely_micro_prefix_loss,high,needs_pdf_review,"Verify PDF, then set approval_status to approved and record the evidence.",text,
study_161,main_paper,#/texts/325,310\.7\ l\ g,310.7 μg,1,approved,7,,310.7 l g,likely_micro_prefix_loss,high,needs_pdf_review,"Verify PDF, then set approval_status to approved and record the evidence.",text,
study_161,main_paper,#/texts/325,4\.82\ l\ g,4.82 μg,1,approved,7,,4.82 l g,likely_micro_prefix_loss,high,needs_pdf_review,"Verify PDF, then set approval_status to approved and record the evidence.",text,
study_161,main_paper,#/texts/325,419\.1\ l\ g,419.1 μg,1,approved,7,,419.1 l g,likely_micro_prefix_loss,high,needs_pdf_review,"Verify PDF, then set approval_status to approved and record the evidence.",text,
study_161,main_paper,#/texts/325,6\.67\ l\ g,6.67 μg,1,approved,7,,6.67 l g,likely_micro_prefix_loss,high,needs_pdf_review,"Verify PDF, then set approval_status to approved and record the evidence.",text,
study_174,main_paper,#/texts/60,0\.2\s+l\s+m\b,0.2 μm,1,approved,4,Source PDF visually verified: nylon syringe filter has 0.2 μm pores.,0.2 l m,approved_repair,resolved,already_approved,No action: existing approved decision will apply.,text,
study_174,main_paper,#/texts/60,450\s+l\s+L\b,450 μL,1,approved,4,Source PDF visually verified: methanol volume is 450 μL.,450 l L,approved_repair,resolved,already_approved,No action: existing approved decision will apply.,text,
study_174,main_paper,#/texts/60,\b50\s+l\s+L\b,50 μL,1,approved,4,Source PDF visually verified: injection-standard volume is 50 μL.,50 l L,approved_repair,resolved,already_approved,No action: existing approved decision will apply.,text,
study_174,main_paper,#/texts/61,1\.8\s+l\s+m\b,1.8 μm,1,approved,4,Source PDF visually verified: HSS T3 column particle size is 1.8 μm.,1.8 l m,approved_repair,resolved,already_approved,No action: existing approved decision will apply.,text,
study_174,main_paper,#/texts/61,100\s+l\s+L\b,100 μL,1,approved,4,Source PDF visually verified: injection-loop volume is 100 μL.,100 l L,approved_repair,resolved,already_approved,No action: existing approved decision will apply.,text,
study_174,main_paper,#/tables/1,(?<![A-Za-z])l\ g\b,μg,14,approved,6,,l g,likely_micro_prefix_loss,high,needs_pdf_review,"Verify PDF, then set approval_status to approved and record the evidence.",table,
study_174,supplementary_material,#/texts/10,500\s+l\s+g\b,500 μg,1,approved,1,Source PDF visually verified: initial PFAS concentration is 500 μg/L.,500 l g,approved_repair,resolved,already_approved,No action: existing approved decision will apply.,text,
study_179,main_paper,#/texts/14,5\ l\ M,5 μM,1,approved,1,,5 l M,likely_micro_prefix_loss,high,needs_pdf_review,"Verify PDF, then set approval_status to approved and record the evidence.",text,
study_179,main_paper,#/texts/63,10\ l\ L,10 μL,1,approved,3,,10 l L,likely_micro_prefix_loss,high,needs_pdf_review,"Verify PDF, then set approval_status to approved and record the evidence.",text,
study_179,main_paper,#/texts/63,25\ l\ L,25 μL,1,approved,3,,25 l L,likely_micro_prefix_loss,high,needs_pdf_review,"Verify PDF, then set approval_status to approved and record the evidence.",text,
study_179,main_paper,#/texts/63,5\ l\ M,5 μM,1,approved,3,,5 l M,likely_micro_prefix_loss,high,needs_pdf_review,"Verify PDF, then set approval_status to approved and record the evidence.",text,
study_186,main_paper,#/texts/128,1000\ m\ m,1000 μm,1,approved,5,,1000 m m,likely_micro_prefix_loss,medium,needs_pdf_review,"Verify PDF, then set approval_status to approved and record the evidence.",text,
study_213,main_paper,#/texts/30,297\ m\ m,297 μm,1,approved,2,,297 m m,likely_micro_prefix_loss,medium,needs_pdf_review,"Verify PDF, then set approval_status to approved and record the evidence.",text,
study_213,main_paper,#/texts/30,595\ m\ m,595 μm,1,approved,2,,595 m m,likely_micro_prefix_loss,medium,needs_pdf_review,"Verify PDF, then set approval_status to approved and record the evidence.",text,
study_213,main_paper,#/texts/33,297\ m\ m,297 μm,1,approved,2,,297 m m,likely_micro_prefix_loss,medium,needs_pdf_review,"Verify PDF, then set approval_status to approved and record the evidence.",text,
study_213,main_paper,#/texts/34,595\ m\ m,595 μm,1,approved,2,,595 m m,likely_micro_prefix_loss,medium,needs_pdf_review,"Verify PDF, then set approval_status to approved and record the evidence.",text,
study_213,main_paper,#/texts/38,13\ m\ g,13 μg,1,approved,2,,13 m g,likely_micro_prefix_loss,high,needs_pdf_review,"Verify PDF, then set approval_status to approved and record the evidence.",text,
study_213,main_paper,#/texts/38,595\ m\ m,595 μm,1,approved,2,,595 m m,likely_micro_prefix_loss,medium,needs_pdf_review,"Verify PDF, then set approval_status to approved and record the evidence.",text,
study_213,main_paper,#/texts/39,13\ m\ g,13 μg,1,approved,2,,13 m g,likely_micro_prefix_loss,high,needs_pdf_review,"Verify PDF, then set approval_status to approved and record the evidence.",caption,
study_213,main_paper,#/texts/68,20\ m\ g,20 μg,1,approved,3,,20 m g,likely_micro_prefix_loss,high,needs_pdf_review,"Verify PDF, then set approval_status to approved and record the evidence.",text,
study_213,main_paper,#/texts/69,8900\ m\ g,8900 μg,1,approved,3,,8900 m g,likely_micro_prefix_loss,high,needs_pdf_review,"Verify PDF, then set approval_status to approved and record the evidence.",text,
study_213,main_paper,#/texts/70,23\ m\ g,23 μg,1,approved,3,,23 m g,likely_micro_prefix_loss,high,needs_pdf_review,"Verify PDF, then set approval_status to approved and record the evidence.",text,
study_213,main_paper,#/texts/80,595\ m\ m,595 μm,1,approved,3,,595 m m,likely_micro_prefix_loss,medium,needs_pdf_review,"Verify PDF, then set approval_status to approved and record the evidence.",footnote,
study_213,main_paper,#/texts/91,20\ m\ g,20 μg,1,approved,4,,20 m g,likely_micro_prefix_loss,high,needs_pdf_review,"Verify PDF, then set approval_status to approved and record the evidence.",caption,
study_213,main_paper,#/texts/297,23\ m\ g,23 μg,1,approved,5,,23 m g,likely_micro_prefix_loss,high,needs_pdf_review,"Verify PDF, then set approval_status to approved and record the evidence.",caption,
study_215,main_paper,#/texts/50,0\.45\ m\ m,0.45 μm,1,approved,3,,0.45 m m,likely_micro_prefix_loss,medium,needs_pdf_review,"Verify PDF, then set approval_status to approved and record the evidence.",text,
study_215,main_paper,#/texts/51,1\.8\ m\ m,1.8 μm,1,approved,3,,1.8 m m,likely_micro_prefix_loss,medium,needs_pdf_review,"Verify PDF, then set approval_status to approved and record the evidence.",text,
study_218,main_paper,#/texts/29,1\.86\ m\ g,1.86 μg,1,approved,2,,1.86 m g,likely_micro_prefix_loss,high,needs_pdf_review,"Verify PDF, then set approval_status to approved and record the evidence.",text,
study_218,main_paper,#/texts/49,241\.5\s+m\s+M\b,241.5 μM,1,approved,3,Source PDF visually verified: master batch concentration is 241.5 μM.,241.5 m M,ambiguous_molarity,resolved,already_approved,No action: existing approved decision will apply.,text,
study_218,main_paper,#/texts/63,400\ m\ m,400 μm,1,approved,4,,400 m m,likely_micro_prefix_loss,medium,needs_pdf_review,"Verify PDF, then set approval_status to approved and record the evidence.",text,
study_218,main_paper,#/texts/67,0\.45\ m\ m,0.45 μm,1,approved,4,,0.45 m m,likely_micro_prefix_loss,medium,needs_pdf_review,"Verify PDF, then set approval_status to approved and record the evidence.",text,
study_218,main_paper,#/texts/67,120\.8\s+m\s+M\b,120.8 μM,1,approved,4,Source PDF visually verified: NMR-sample concentration is 120.8 μM.,120.8 m M,ambiguous_molarity,resolved,already_approved,No action: existing approved decision will apply.,text,
study_218,main_paper,#/texts/67,150\ m\ m,150 μm,1,approved,4,,150 m m,likely_micro_prefix_loss,medium,needs_pdf_review,"Verify PDF, then set approval_status to approved and record the evidence.",text,
study_218,main_paper,#/texts/67,241\.5\s+m\s+M\b,241.5 μM,1,approved,4,Source PDF visually verified: 100 mg/L PFOA is reported as 241.5 μM.,241.5 m M,ambiguous_molarity,resolved,already_approved,No action: existing approved decision will apply.,text,
study_218,main_paper,#/texts/67,241\.5\s+m\s+Min\b,241.5 μM in,1,approved,4,Source PDF visually verified: the attached token m Min means μM in.,241.5 m Min,ambiguous_molarity,resolved,already_approved,No action: existing approved decision will apply.,text,
study_218,main_paper,#/texts/67,300\ m\ L,300 μL,2,approved,4,,300 m L,likely_micro_prefix_loss,high,needs_pdf_review,"Verify PDF, then set approval_status to approved and record the evidence.",text,
study_218,main_paper,#/texts/77,241\.5\s+m\s+M\b,241.5 μM,1,approved,4,Source PDF visually verified: all PFAS were dosed at 241.5 μM.,241.5 m M,ambiguous_molarity,resolved,already_approved,No action: existing approved decision will apply.,text,
study_220,main_paper,#/texts/34,200\ l\ m,200 μm,1,approved,3,,200 l m,likely_micro_prefix_loss,medium,needs_pdf_review,"Verify PDF, then set approval_status to approved and record the evidence.",text,
study_220,main_paper,#/texts/39,0\.45\ l\ m,0.45 μm,1,approved,3,,0.45 l m,likely_micro_prefix_loss,medium,needs_pdf_review,"Verify PDF, then set approval_status to approved and record the evidence.",text,
study_254,main_paper,#/tables/0,(?<![A-Za-z])m\ g\b,μg,1,approved,2,Source PDF visually verified: Table 3 units are μg/g and L/μg.,m g,approved_repair,high,resolved,No action: approved repair will apply.,table,
study_254,main_paper,#/texts/27,700\ m\ m,700 μm,1,approved,2,,700 m m,likely_micro_prefix_loss,medium,needs_pdf_review,"Verify PDF, then set approval_status to approved and record the evidence.",text,
