Product_key,eligible,required_material_feature_count,minimum_present_material_features,present_material_feature_count,missing_required_material_features,eligible_catalog_candidates
A520E,True,27,9,15,Nominal_grain_size_value_mm; ssa_(m2/g)_avg; average_pore_diameter_(angstrom); phpzc; pore_volume_total_value_cm3/g; pore_volume_micro_value_avg_cm3/g; pore_volume_meso_value_avg_cm3/g; element_C_value; element_N_value; element_O_value; AC_raw_material; ion_exchange_capacity_value_meq/L,63
ACF15,True,27,9,10,contains_mesoporous; contains_macroporous; contains_gel; Nominal_grain_size_value_mm; average_pore_diameter_(angstrom); AC_raw_material; ion_exchange_capacity_value_meq/L; contains_quaternary_ammonium; contains_sulfonic_acid; contains_carboxyl; contains_hydroxyl; contains_pyridinic_nitrogen; contains_amino_acid; contains_amine; contains_ester; contains_benzyl_chloride; polymer_matrix,63
ACF20,True,27,9,11,contains_mesoporous; contains_macroporous; contains_gel; average_pore_diameter_(angstrom); AC_raw_material; ion_exchange_capacity_value_meq/L; contains_quaternary_ammonium; contains_sulfonic_acid; contains_carboxyl; contains_hydroxyl; contains_pyridinic_nitrogen; contains_amino_acid; contains_amine; contains_ester; contains_benzyl_chloride; polymer_matrix,63
ACF25,True,27,9,10,contains_mesoporous; contains_macroporous; contains_gel; Nominal_grain_size_value_mm; average_pore_diameter_(angstrom); AC_raw_material; ion_exchange_capacity_value_meq/L; contains_quaternary_ammonium; contains_sulfonic_acid; contains_carboxyl; contains_hydroxyl; contains_pyridinic_nitrogen; contains_amino_acid; contains_amine; contains_ester; contains_benzyl_chloride; polymer_matrix,63
ACTICARBGS1300,True,27,9,11,contains_mesoporous; contains_macroporous; contains_gel; pore_volume_micro_value_avg_cm3/g; pore_volume_meso_value_avg_cm3/g; ion_exchange_capacity_value_meq/L; contains_quaternary_ammonium; contains_sulfonic_acid; contains_carboxyl; contains_hydroxyl; contains_pyridinic_nitrogen; contains_amino_acid; contains_amine; contains_ester; contains_benzyl_chloride; polymer_matrix,63
ACTICARBONENCL1240,True,27,9,9,average_pore_diameter_(angstrom); pore_volume_total_value_cm3/g; pore_volume_micro_value_avg_cm3/g; pore_volume_meso_value_avg_cm3/g; element_C_value; element_N_value; element_O_value; ion_exchange_capacity_value_meq/L; contains_quaternary_ammonium; contains_sulfonic_acid; contains_carboxyl; contains_hydroxyl; contains_pyridinic_nitrogen; contains_amino_acid; contains_amine; contains_ester; contains_benzyl_chloride; polymer_matrix,63
ACTITEXFC1001,True,27,9,9,contains_mesoporous; contains_macroporous; contains_gel; Nominal_grain_size_value_mm; average_pore_diameter_(angstrom); pore_volume_meso_value_avg_cm3/g; element_C_value; ion_exchange_capacity_value_meq/L; contains_quaternary_ammonium; contains_sulfonic_acid; contains_carboxyl; contains_hydroxyl; contains_pyridinic_nitrogen; contains_amino_acid; contains_amine; contains_ester; contains_benzyl_chloride; polymer_matrix,63
ACTITEXFC1501,True,27,9,9,contains_mesoporous; contains_macroporous; contains_gel; Nominal_grain_size_value_mm; average_pore_diameter_(angstrom); pore_volume_meso_value_avg_cm3/g; element_C_value; ion_exchange_capacity_value_meq/L; contains_quaternary_ammonium; contains_sulfonic_acid; contains_carboxyl; contains_hydroxyl; contains_pyridinic_nitrogen; contains_amino_acid; contains_amine; contains_ester; contains_benzyl_chloride; polymer_matrix,63
ACTITEXWKL20,True,27,9,9,contains_mesoporous; contains_macroporous; contains_gel; Nominal_grain_size_value_mm; average_pore_diameter_(angstrom); pore_volume_meso_value_avg_cm3/g; element_C_value; ion_exchange_capacity_value_meq/L; contains_quaternary_ammonium; contains_sulfonic_acid; contains_carboxyl; contains_hydroxyl; contains_pyridinic_nitrogen; contains_amino_acid; contains_amine; contains_ester; contains_benzyl_chloride; polymer_matrix,63
AMBERLITEIRA400,True,27,9,19,ssa_(m2/g)_avg; average_pore_diameter_(angstrom); phpzc; pore_volume_total_value_cm3/g; pore_volume_micro_value_avg_cm3/g; pore_volume_meso_value_avg_cm3/g; element_O_value; AC_raw_material,63
AMBERLITEIRA410,True,27,9,17,ssa_(m2/g)_avg; average_pore_diameter_(angstrom); phpzc; pore_volume_total_value_cm3/g; pore_volume_micro_value_avg_cm3/g; pore_volume_meso_value_avg_cm3/g; element_C_value; element_N_value; element_O_value; AC_raw_material,63
AMBERLITEIRA458,True,27,9,15,Nominal_grain_size_value_mm; ssa_(m2/g)_avg; average_pore_diameter_(angstrom); phpzc; pore_volume_total_value_cm3/g; pore_volume_micro_value_avg_cm3/g; pore_volume_meso_value_avg_cm3/g; element_C_value; element_N_value; element_O_value; AC_raw_material; ion_exchange_capacity_value_meq/L,63
AMBERLITEIRA67,True,27,9,17,ssa_(m2/g)_avg; average_pore_diameter_(angstrom); phpzc; pore_volume_total_value_cm3/g; pore_volume_micro_value_avg_cm3/g; pore_volume_meso_value_avg_cm3/g; element_C_value; element_N_value; element_O_value; AC_raw_material,63
AMBERLITEIRA900,True,27,9,17,ssa_(m2/g)_avg; average_pore_diameter_(angstrom); phpzc; pore_volume_total_value_cm3/g; pore_volume_micro_value_avg_cm3/g; pore_volume_meso_value_avg_cm3/g; element_C_value; element_N_value; element_O_value; AC_raw_material,63
AMBERLITEIRA910,True,27,9,17,ssa_(m2/g)_avg; average_pore_diameter_(angstrom); phpzc; pore_volume_total_value_cm3/g; pore_volume_micro_value_avg_cm3/g; pore_volume_meso_value_avg_cm3/g; element_C_value; element_N_value; element_O_value; AC_raw_material,63
AMBERLITEPSR2+,True,27,9,17,ssa_(m2/g)_avg; average_pore_diameter_(angstrom); phpzc; pore_volume_total_value_cm3/g; pore_volume_micro_value_avg_cm3/g; pore_volume_meso_value_avg_cm3/g; element_C_value; element_N_value; element_O_value; AC_raw_material,63
AMBERLITEXAD2,False,27,9,4,contains_mesoporous; contains_macroporous; contains_gel; Nominal_grain_size_value_mm; ssa_(m2/g)_avg; average_pore_diameter_(angstrom); phpzc; pore_volume_total_value_cm3/g; pore_volume_micro_value_avg_cm3/g; pore_volume_meso_value_avg_cm3/g; element_C_value; element_N_value; element_O_value; AC_raw_material; contains_quaternary_ammonium; contains_sulfonic_acid; contains_carboxyl; contains_hydroxyl; contains_pyridinic_nitrogen; contains_amino_acid; contains_amine; contains_ester; contains_benzyl_chloride,63
AMBERLITEXAD4,True,27,9,11,phpzc; pore_volume_micro_value_avg_cm3/g; pore_volume_meso_value_avg_cm3/g; element_C_value; element_N_value; element_O_value; AC_raw_material; contains_quaternary_ammonium; contains_sulfonic_acid; contains_carboxyl; contains_hydroxyl; contains_pyridinic_nitrogen; contains_amino_acid; contains_amine; contains_ester; contains_benzyl_chloride,63
AMBERLITEXAD7HP,True,27,9,12,pore_volume_micro_value_avg_cm3/g; pore_volume_meso_value_avg_cm3/g; element_C_value; element_N_value; element_O_value; AC_raw_material; contains_quaternary_ammonium; contains_sulfonic_acid; contains_carboxyl; contains_hydroxyl; contains_pyridinic_nitrogen; contains_amino_acid; contains_amine; contains_ester; contains_benzyl_chloride,63
AMBERSEP900OH,True,27,9,21,contains_mesoporous; contains_macroporous; contains_gel; pore_volume_micro_value_avg_cm3/g; pore_volume_meso_value_avg_cm3/g; AC_raw_material,63
AQUACARB1230C,False,27,9,4,contains_mesoporous; contains_macroporous; contains_gel; ssa_(m2/g)_avg; average_pore_diameter_(angstrom); phpzc; pore_volume_total_value_cm3/g; pore_volume_micro_value_avg_cm3/g; pore_volume_meso_value_avg_cm3/g; element_C_value; element_N_value; element_O_value; ion_exchange_capacity_value_meq/L; contains_quaternary_ammonium; contains_sulfonic_acid; contains_carboxyl; contains_hydroxyl; contains_pyridinic_nitrogen; contains_amino_acid; contains_amine; contains_ester; contains_benzyl_chloride; polymer_matrix,63
AQUACARB1240AW,True,27,9,11,contains_mesoporous; contains_macroporous; contains_gel; average_pore_diameter_(angstrom); pore_volume_total_value_cm3/g; ion_exchange_capacity_value_meq/L; contains_quaternary_ammonium; contains_sulfonic_acid; contains_carboxyl; contains_hydroxyl; contains_pyridinic_nitrogen; contains_amino_acid; contains_amine; contains_ester; contains_benzyl_chloride; polymer_matrix,63
AQUACARB1240C,True,27,9,11,contains_mesoporous; contains_macroporous; contains_gel; Nominal_grain_size_value_mm; average_pore_diameter_(angstrom); ion_exchange_capacity_value_meq/L; contains_quaternary_ammonium; contains_sulfonic_acid; contains_carboxyl; contains_hydroxyl; contains_pyridinic_nitrogen; contains_amino_acid; contains_amine; contains_ester; contains_benzyl_chloride; polymer_matrix,63
AQUANUCHAR,True,27,9,12,contains_mesoporous; contains_macroporous; contains_gel; average_pore_diameter_(angstrom); ion_exchange_capacity_value_meq/L; contains_quaternary_ammonium; contains_sulfonic_acid; contains_carboxyl; contains_hydroxyl; contains_pyridinic_nitrogen; contains_amino_acid; contains_amine; contains_ester; contains_benzyl_chloride; polymer_matrix,63
AQUASORB,True,27,9,11,average_pore_diameter_(angstrom); pore_volume_total_value_cm3/g; element_C_value; element_N_value; element_O_value; ion_exchange_capacity_value_meq/L; contains_quaternary_ammonium; contains_sulfonic_acid; contains_carboxyl; contains_hydroxyl; contains_pyridinic_nitrogen; contains_amino_acid; contains_amine; contains_ester; contains_benzyl_chloride; polymer_matrix,63
AQUASORB6300,True,27,9,11,average_pore_diameter_(angstrom); pore_volume_total_value_cm3/g; element_C_value; element_N_value; element_O_value; ion_exchange_capacity_value_meq/L; contains_quaternary_ammonium; contains_sulfonic_acid; contains_carboxyl; contains_hydroxyl; contains_pyridinic_nitrogen; contains_amino_acid; contains_amine; contains_ester; contains_benzyl_chloride; polymer_matrix,63
AQUASORBCX,False,27,9,6,contains_mesoporous; contains_macroporous; contains_gel; Nominal_grain_size_value_mm; average_pore_diameter_(angstrom); phpzc; pore_volume_total_value_cm3/g; element_C_value; element_N_value; element_O_value; ion_exchange_capacity_value_meq/L; contains_quaternary_ammonium; contains_sulfonic_acid; contains_carboxyl; contains_hydroxyl; contains_pyridinic_nitrogen; contains_amino_acid; contains_amine; contains_ester; contains_benzyl_chloride; polymer_matrix,63
AQUASORBOMNIG12X40,False,27,9,7,contains_mesoporous; contains_macroporous; contains_gel; pore_volume_micro_value_avg_cm3/g; pore_volume_meso_value_avg_cm3/g; element_C_value; element_N_value; element_O_value; AC_raw_material; ion_exchange_capacity_value_meq/L; contains_quaternary_ammonium; contains_sulfonic_acid; contains_carboxyl; contains_hydroxyl; contains_pyridinic_nitrogen; contains_amino_acid; contains_amine; contains_ester; contains_benzyl_chloride; polymer_matrix,63
AQUASORBTM5000,False,27,9,4,contains_mesoporous; contains_macroporous; contains_gel; Nominal_grain_size_value_mm; average_pore_diameter_(angstrom); phpzc; pore_volume_total_value_cm3/g; pore_volume_micro_value_avg_cm3/g; pore_volume_meso_value_avg_cm3/g; element_C_value; element_N_value; element_O_value; ion_exchange_capacity_value_meq/L; contains_quaternary_ammonium; contains_sulfonic_acid; contains_carboxyl; contains_hydroxyl; contains_pyridinic_nitrogen; contains_amino_acid; contains_amine; contains_ester; contains_benzyl_chloride; polymer_matrix,63
BIONUCHAR,True,27,9,11,contains_mesoporous; contains_macroporous; contains_gel; Nominal_grain_size_value_mm; average_pore_diameter_(angstrom); ion_exchange_capacity_value_meq/L; contains_quaternary_ammonium; contains_sulfonic_acid; contains_carboxyl; contains_hydroxyl; contains_pyridinic_nitrogen; contains_amino_acid; contains_amine; contains_ester; contains_benzyl_chloride; polymer_matrix,63
BPL,True,27,9,13,contains_mesoporous; contains_macroporous; contains_gel; ion_exchange_capacity_value_meq/L; contains_quaternary_ammonium; contains_sulfonic_acid; contains_carboxyl; contains_hydroxyl; contains_pyridinic_nitrogen; contains_amino_acid; contains_amine; contains_ester; contains_benzyl_chloride; polymer_matrix,63
CALGONURVMOD1,False,27,9,5,contains_mesoporous; contains_macroporous; contains_gel; ssa_(m2/g)_avg; average_pore_diameter_(angstrom); phpzc; pore_volume_meso_value_avg_cm3/g; element_C_value; element_N_value; element_O_value; AC_raw_material; ion_exchange_capacity_value_meq/L; contains_quaternary_ammonium; contains_sulfonic_acid; contains_carboxyl; contains_hydroxyl; contains_pyridinic_nitrogen; contains_amino_acid; contains_amine; contains_ester; contains_benzyl_chloride; polymer_matrix,63
CALRES2304,True,27,9,16,ssa_(m2/g)_avg; average_pore_diameter_(angstrom); phpzc; pore_volume_total_value_cm3/g; pore_volume_micro_value_avg_cm3/g; pore_volume_meso_value_avg_cm3/g; element_C_value; element_N_value; element_O_value; AC_raw_material; ion_exchange_capacity_value_meq/L,63
CECARBONGAC1240,True,27,9,9,average_pore_diameter_(angstrom); pore_volume_total_value_cm3/g; pore_volume_micro_value_avg_cm3/g; pore_volume_meso_value_avg_cm3/g; element_C_value; element_N_value; element_O_value; ion_exchange_capacity_value_meq/L; contains_quaternary_ammonium; contains_sulfonic_acid; contains_carboxyl; contains_hydroxyl; contains_pyridinic_nitrogen; contains_amino_acid; contains_amine; contains_ester; contains_benzyl_chloride; polymer_matrix,63
D5705,False,27,9,6,Nominal_grain_size_value_mm; ssa_(m2/g)_avg; average_pore_diameter_(angstrom); phpzc; pore_volume_total_value_cm3/g; pore_volume_micro_value_avg_cm3/g; pore_volume_meso_value_avg_cm3/g; element_C_value; element_N_value; element_O_value; AC_raw_material; ion_exchange_capacity_value_meq/L; contains_quaternary_ammonium; contains_sulfonic_acid; contains_carboxyl; contains_hydroxyl; contains_pyridinic_nitrogen; contains_amino_acid; contains_amine; contains_ester; contains_benzyl_chloride,63
D5706,False,27,9,6,Nominal_grain_size_value_mm; ssa_(m2/g)_avg; average_pore_diameter_(angstrom); phpzc; pore_volume_total_value_cm3/g; pore_volume_micro_value_avg_cm3/g; pore_volume_meso_value_avg_cm3/g; element_C_value; element_N_value; element_O_value; AC_raw_material; ion_exchange_capacity_value_meq/L; contains_quaternary_ammonium; contains_sulfonic_acid; contains_carboxyl; contains_hydroxyl; contains_pyridinic_nitrogen; contains_amino_acid; contains_amine; contains_ester; contains_benzyl_chloride,63
DARCO100MESH,False,27,9,3,contains_mesoporous; contains_macroporous; contains_gel; ssa_(m2/g)_avg; average_pore_diameter_(angstrom); phpzc; pore_volume_total_value_cm3/g; pore_volume_micro_value_avg_cm3/g; pore_volume_meso_value_avg_cm3/g; element_C_value; element_N_value; element_O_value; AC_raw_material; ion_exchange_capacity_value_meq/L; contains_quaternary_ammonium; contains_sulfonic_acid; contains_carboxyl; contains_hydroxyl; contains_pyridinic_nitrogen; contains_amino_acid; contains_amine; contains_ester; contains_benzyl_chloride; polymer_matrix,63
DEXSORB,False,27,9,5,contains_mesoporous; contains_macroporous; contains_gel; average_pore_diameter_(angstrom); phpzc; pore_volume_total_value_cm3/g; pore_volume_meso_value_avg_cm3/g; element_C_value; element_N_value; element_O_value; AC_raw_material; ion_exchange_capacity_value_meq/L; contains_quaternary_ammonium; contains_sulfonic_acid; contains_carboxyl; contains_hydroxyl; contains_pyridinic_nitrogen; contains_amino_acid; contains_amine; contains_ester; contains_benzyl_chloride; polymer_matrix,63
DEXSORB+,True,27,9,15,contains_mesoporous; contains_macroporous; contains_gel; average_pore_diameter_(angstrom); phpzc; pore_volume_meso_value_avg_cm3/g; element_C_value; element_N_value; element_O_value; AC_raw_material; ion_exchange_capacity_value_meq/L; polymer_matrix,63
DEXSORBMP,False,27,9,2,contains_mesoporous; contains_macroporous; contains_gel; Nominal_grain_size_value_mm; ssa_(m2/g)_avg; average_pore_diameter_(angstrom); phpzc; pore_volume_total_value_cm3/g; pore_volume_micro_value_avg_cm3/g; pore_volume_meso_value_avg_cm3/g; element_C_value; element_N_value; element_O_value; AC_raw_material; ion_exchange_capacity_value_meq/L; contains_quaternary_ammonium; contains_sulfonic_acid; contains_carboxyl; contains_hydroxyl; contains_pyridinic_nitrogen; contains_amino_acid; contains_amine; contains_ester; contains_benzyl_chloride; polymer_matrix,63
DOWEX1,True,27,9,16,ssa_(m2/g)_avg; average_pore_diameter_(angstrom); phpzc; pore_volume_total_value_cm3/g; pore_volume_micro_value_avg_cm3/g; pore_volume_meso_value_avg_cm3/g; element_C_value; element_N_value; element_O_value; AC_raw_material; ion_exchange_capacity_value_meq/L,63
DOWEXOPTOPOREL493,True,27,9,9,average_pore_diameter_(angstrom); phpzc; pore_volume_total_value_cm3/g; pore_volume_micro_value_avg_cm3/g; pore_volume_meso_value_avg_cm3/g; element_C_value; element_N_value; element_O_value; AC_raw_material; contains_quaternary_ammonium; contains_sulfonic_acid; contains_carboxyl; contains_hydroxyl; contains_pyridinic_nitrogen; contains_amino_acid; contains_amine; contains_ester; contains_benzyl_chloride,63
DOWEXOPTOPOREV493,True,27,9,9,average_pore_diameter_(angstrom); phpzc; pore_volume_total_value_cm3/g; pore_volume_micro_value_avg_cm3/g; pore_volume_meso_value_avg_cm3/g; element_C_value; element_N_value; element_O_value; AC_raw_material; contains_quaternary_ammonium; contains_sulfonic_acid; contains_carboxyl; contains_hydroxyl; contains_pyridinic_nitrogen; contains_amino_acid; contains_amine; contains_ester; contains_benzyl_chloride,63
DOWEXPSR2+,True,27,9,12,contains_mesoporous; contains_macroporous; contains_gel; Nominal_grain_size_value_mm; ssa_(m2/g)_avg; average_pore_diameter_(angstrom); phpzc; pore_volume_total_value_cm3/g; pore_volume_micro_value_avg_cm3/g; pore_volume_meso_value_avg_cm3/g; element_C_value; element_N_value; element_O_value; AC_raw_material; ion_exchange_capacity_value_meq/L,63
DOWEXPSR2PLUSCL,True,27,9,16,ssa_(m2/g)_avg; average_pore_diameter_(angstrom); phpzc; pore_volume_total_value_cm3/g; pore_volume_micro_value_avg_cm3/g; pore_volume_meso_value_avg_cm3/g; element_C_value; element_N_value; element_O_value; AC_raw_material; ion_exchange_capacity_value_meq/L,63
EVOQUA,False,27,9,7,contains_mesoporous; contains_macroporous; contains_gel; Nominal_grain_size_value_mm; average_pore_diameter_(angstrom); phpzc; element_C_value; element_N_value; AC_raw_material; ion_exchange_capacity_value_meq/L; contains_quaternary_ammonium; contains_sulfonic_acid; contains_carboxyl; contains_hydroxyl; contains_pyridinic_nitrogen; contains_amino_acid; contains_amine; contains_ester; contains_benzyl_chloride; polymer_matrix,63
FILTRASORB200,False,27,9,7,contains_mesoporous; contains_macroporous; contains_gel; average_pore_diameter_(angstrom); phpzc; pore_volume_total_value_cm3/g; element_C_value; element_N_value; element_O_value; ion_exchange_capacity_value_meq/L; contains_quaternary_ammonium; contains_sulfonic_acid; contains_carboxyl; contains_hydroxyl; contains_pyridinic_nitrogen; contains_amino_acid; contains_amine; contains_ester; contains_benzyl_chloride; polymer_matrix,63
FILTRASORB300,True,27,9,13,contains_mesoporous; contains_macroporous; contains_gel; ion_exchange_capacity_value_meq/L; contains_quaternary_ammonium; contains_sulfonic_acid; contains_carboxyl; contains_hydroxyl; contains_pyridinic_nitrogen; contains_amino_acid; contains_amine; contains_ester; contains_benzyl_chloride; polymer_matrix,63
FILTRASORB390,False,27,9,3,contains_mesoporous; contains_macroporous; contains_gel; ssa_(m2/g)_avg; average_pore_diameter_(angstrom); phpzc; pore_volume_total_value_cm3/g; pore_volume_micro_value_avg_cm3/g; pore_volume_meso_value_avg_cm3/g; element_C_value; element_N_value; element_O_value; AC_raw_material; ion_exchange_capacity_value_meq/L; contains_quaternary_ammonium; contains_sulfonic_acid; contains_carboxyl; contains_hydroxyl; contains_pyridinic_nitrogen; contains_amino_acid; contains_amine; contains_ester; contains_benzyl_chloride; polymer_matrix,63
FILTRASORB400,True,27,9,19,contains_mesoporous; contains_macroporous; contains_gel; element_C_value; element_N_value; element_O_value; ion_exchange_capacity_value_meq/L; polymer_matrix,63
FILTRASORB400M,True,27,9,11,average_pore_diameter_(angstrom); pore_volume_total_value_cm3/g; element_C_value; element_N_value; element_O_value; ion_exchange_capacity_value_meq/L; contains_quaternary_ammonium; contains_sulfonic_acid; contains_carboxyl; contains_hydroxyl; contains_pyridinic_nitrogen; contains_amino_acid; contains_amine; contains_ester; contains_benzyl_chloride; polymer_matrix,63
FILTRASORB600,False,27,9,7,contains_mesoporous; contains_macroporous; contains_gel; average_pore_diameter_(angstrom); phpzc; pore_volume_total_value_cm3/g; element_C_value; element_N_value; element_O_value; ion_exchange_capacity_value_meq/L; contains_quaternary_ammonium; contains_sulfonic_acid; contains_carboxyl; contains_hydroxyl; contains_pyridinic_nitrogen; contains_amino_acid; contains_amine; contains_ester; contains_benzyl_chloride; polymer_matrix,63
FILTRASORB820,False,27,9,7,contains_mesoporous; contains_macroporous; contains_gel; average_pore_diameter_(angstrom); phpzc; pore_volume_total_value_cm3/g; element_C_value; element_N_value; element_O_value; ion_exchange_capacity_value_meq/L; contains_quaternary_ammonium; contains_sulfonic_acid; contains_carboxyl; contains_hydroxyl; contains_pyridinic_nitrogen; contains_amino_acid; contains_amine; contains_ester; contains_benzyl_chloride; polymer_matrix,63
FILTRASORBF100,False,27,9,6,contains_mesoporous; contains_macroporous; contains_gel; Nominal_grain_size_value_mm; pore_volume_micro_value_avg_cm3/g; pore_volume_meso_value_avg_cm3/g; element_C_value; element_N_value; element_O_value; AC_raw_material; ion_exchange_capacity_value_meq/L; contains_quaternary_ammonium; contains_sulfonic_acid; contains_carboxyl; contains_hydroxyl; contains_pyridinic_nitrogen; contains_amino_acid; contains_amine; contains_ester; contains_benzyl_chloride; polymer_matrix,63
FILTRASORBF200,False,27,9,6,contains_mesoporous; contains_macroporous; contains_gel; Nominal_grain_size_value_mm; pore_volume_micro_value_avg_cm3/g; pore_volume_meso_value_avg_cm3/g; element_C_value; element_N_value; element_O_value; AC_raw_material; ion_exchange_capacity_value_meq/L; contains_quaternary_ammonium; contains_sulfonic_acid; contains_carboxyl; contains_hydroxyl; contains_pyridinic_nitrogen; contains_amino_acid; contains_amine; contains_ester; contains_benzyl_chloride; polymer_matrix,63
FILTRASORBF816,False,27,9,6,contains_mesoporous; contains_macroporous; contains_gel; Nominal_grain_size_value_mm; pore_volume_micro_value_avg_cm3/g; pore_volume_meso_value_avg_cm3/g; element_C_value; element_N_value; element_O_value; AC_raw_material; ion_exchange_capacity_value_meq/L; contains_quaternary_ammonium; contains_sulfonic_acid; contains_carboxyl; contains_hydroxyl; contains_pyridinic_nitrogen; contains_amino_acid; contains_amine; contains_ester; contains_benzyl_chloride; polymer_matrix,63
G.C.POWDEREDS,False,27,9,4,contains_mesoporous; contains_macroporous; contains_gel; ssa_(m2/g)_avg; average_pore_diameter_(angstrom); phpzc; pore_volume_total_value_cm3/g; pore_volume_micro_value_avg_cm3/g; pore_volume_meso_value_avg_cm3/g; element_C_value; element_N_value; element_O_value; ion_exchange_capacity_value_meq/L; contains_quaternary_ammonium; contains_sulfonic_acid; contains_carboxyl; contains_hydroxyl; contains_pyridinic_nitrogen; contains_amino_acid; contains_amine; contains_ester; contains_benzyl_chloride; polymer_matrix,63
HYDRAFFIN30N,False,27,9,4,contains_mesoporous; contains_macroporous; contains_gel; Nominal_grain_size_value_mm; average_pore_diameter_(angstrom); phpzc; pore_volume_total_value_cm3/g; pore_volume_micro_value_avg_cm3/g; pore_volume_meso_value_avg_cm3/g; element_C_value; element_N_value; element_O_value; ion_exchange_capacity_value_meq/L; contains_quaternary_ammonium; contains_sulfonic_acid; contains_carboxyl; contains_hydroxyl; contains_pyridinic_nitrogen; contains_amino_acid; contains_amine; contains_ester; contains_benzyl_chloride; polymer_matrix,63
HYDRAFFINCC8*30,False,27,9,4,contains_mesoporous; contains_macroporous; contains_gel; average_pore_diameter_(angstrom); phpzc; pore_volume_total_value_cm3/g; pore_volume_micro_value_avg_cm3/g; pore_volume_meso_value_avg_cm3/g; element_C_value; element_N_value; element_O_value; AC_raw_material; ion_exchange_capacity_value_meq/L; contains_quaternary_ammonium; contains_sulfonic_acid; contains_carboxyl; contains_hydroxyl; contains_pyridinic_nitrogen; contains_amino_acid; contains_amine; contains_ester; contains_benzyl_chloride; polymer_matrix,63
HYDRODARCO4000,True,27,9,11,average_pore_diameter_(angstrom); pore_volume_total_value_cm3/g; element_C_value; element_N_value; element_O_value; ion_exchange_capacity_value_meq/L; contains_quaternary_ammonium; contains_sulfonic_acid; contains_carboxyl; contains_hydroxyl; contains_pyridinic_nitrogen; contains_amino_acid; contains_amine; contains_ester; contains_benzyl_chloride; polymer_matrix,63
HYDRODARCOB,True,27,9,11,average_pore_diameter_(angstrom); pore_volume_total_value_cm3/g; element_C_value; element_N_value; element_O_value; ion_exchange_capacity_value_meq/L; contains_quaternary_ammonium; contains_sulfonic_acid; contains_carboxyl; contains_hydroxyl; contains_pyridinic_nitrogen; contains_amino_acid; contains_amine; contains_ester; contains_benzyl_chloride; polymer_matrix,63
INTRAPLEX,False,27,9,6,contains_mesoporous; contains_macroporous; contains_gel; Nominal_grain_size_value_mm; pore_volume_total_value_cm3/g; pore_volume_meso_value_avg_cm3/g; element_C_value; element_N_value; element_O_value; AC_raw_material; ion_exchange_capacity_value_meq/L; contains_quaternary_ammonium; contains_sulfonic_acid; contains_carboxyl; contains_hydroxyl; contains_pyridinic_nitrogen; contains_amino_acid; contains_amine; contains_ester; contains_benzyl_chloride; polymer_matrix,63
IRA958,True,27,9,17,ssa_(m2/g)_avg; average_pore_diameter_(angstrom); phpzc; pore_volume_total_value_cm3/g; pore_volume_micro_value_avg_cm3/g; pore_volume_meso_value_avg_cm3/g; element_C_value; element_N_value; element_O_value; AC_raw_material,63
K6362,False,27,9,6,Nominal_grain_size_value_mm; ssa_(m2/g)_avg; average_pore_diameter_(angstrom); phpzc; pore_volume_total_value_cm3/g; pore_volume_micro_value_avg_cm3/g; pore_volume_meso_value_avg_cm3/g; element_C_value; element_N_value; element_O_value; AC_raw_material; ion_exchange_capacity_value_meq/L; contains_quaternary_ammonium; contains_sulfonic_acid; contains_carboxyl; contains_hydroxyl; contains_pyridinic_nitrogen; contains_amino_acid; contains_amine; contains_ester; contains_benzyl_chloride,63
LEWATITTP108,True,27,9,20,average_pore_diameter_(angstrom); phpzc; pore_volume_total_value_cm3/g; pore_volume_micro_value_avg_cm3/g; pore_volume_meso_value_avg_cm3/g; element_O_value; AC_raw_material,63
LEWATITVPOC1065,True,27,9,17,ssa_(m2/g)_avg; phpzc; pore_volume_total_value_cm3/g; pore_volume_micro_value_avg_cm3/g; pore_volume_meso_value_avg_cm3/g; element_C_value; element_N_value; element_O_value; AC_raw_material; ion_exchange_capacity_value_meq/L,63
M800,False,27,9,6,Nominal_grain_size_value_mm; ssa_(m2/g)_avg; average_pore_diameter_(angstrom); phpzc; pore_volume_total_value_cm3/g; pore_volume_micro_value_avg_cm3/g; pore_volume_meso_value_avg_cm3/g; element_C_value; element_N_value; element_O_value; AC_raw_material; ion_exchange_capacity_value_meq/L; contains_quaternary_ammonium; contains_sulfonic_acid; contains_carboxyl; contains_hydroxyl; contains_pyridinic_nitrogen; contains_amino_acid; contains_amine; contains_ester; contains_benzyl_chloride,63
MIEXDOC,True,27,9,16,ssa_(m2/g)_avg; average_pore_diameter_(angstrom); phpzc; pore_volume_total_value_cm3/g; pore_volume_micro_value_avg_cm3/g; pore_volume_meso_value_avg_cm3/g; element_C_value; element_N_value; element_O_value; AC_raw_material; ion_exchange_capacity_value_meq/L,63
MIEXGOLD,True,27,9,16,ssa_(m2/g)_avg; average_pore_diameter_(angstrom); phpzc; pore_volume_total_value_cm3/g; pore_volume_micro_value_avg_cm3/g; pore_volume_meso_value_avg_cm3/g; element_C_value; element_N_value; element_O_value; AC_raw_material; ion_exchange_capacity_value_meq/L,63
MP62,False,27,9,6,Nominal_grain_size_value_mm; ssa_(m2/g)_avg; average_pore_diameter_(angstrom); phpzc; pore_volume_total_value_cm3/g; pore_volume_micro_value_avg_cm3/g; pore_volume_meso_value_avg_cm3/g; element_C_value; element_N_value; element_O_value; AC_raw_material; ion_exchange_capacity_value_meq/L; contains_quaternary_ammonium; contains_sulfonic_acid; contains_carboxyl; contains_hydroxyl; contains_pyridinic_nitrogen; contains_amino_acid; contains_amine; contains_ester; contains_benzyl_chloride,63
NORIT1240,False,27,9,7,contains_mesoporous; contains_macroporous; contains_gel; average_pore_diameter_(angstrom); phpzc; pore_volume_total_value_cm3/g; element_C_value; element_N_value; element_O_value; ion_exchange_capacity_value_meq/L; contains_quaternary_ammonium; contains_sulfonic_acid; contains_carboxyl; contains_hydroxyl; contains_pyridinic_nitrogen; contains_amino_acid; contains_amine; contains_ester; contains_benzyl_chloride; polymer_matrix,63
NORIT1240AF,False,27,9,4,contains_mesoporous; contains_macroporous; contains_gel; Nominal_grain_size_value_mm; average_pore_diameter_(angstrom); phpzc; pore_volume_total_value_cm3/g; pore_volume_micro_value_avg_cm3/g; pore_volume_meso_value_avg_cm3/g; element_C_value; element_N_value; element_O_value; ion_exchange_capacity_value_meq/L; contains_quaternary_ammonium; contains_sulfonic_acid; contains_carboxyl; contains_hydroxyl; contains_pyridinic_nitrogen; contains_amino_acid; contains_amine; contains_ester; contains_benzyl_chloride; polymer_matrix,63
NORIT1240W,True,27,9,10,contains_mesoporous; contains_macroporous; contains_gel; phpzc; pore_volume_micro_value_avg_cm3/g; pore_volume_meso_value_avg_cm3/g; ion_exchange_capacity_value_meq/L; contains_quaternary_ammonium; contains_sulfonic_acid; contains_carboxyl; contains_hydroxyl; contains_pyridinic_nitrogen; contains_amino_acid; contains_amine; contains_ester; contains_benzyl_chloride; polymer_matrix,63
NORITAULTRAE153,False,27,9,2,contains_mesoporous; contains_macroporous; contains_gel; Nominal_grain_size_value_mm; ssa_(m2/g)_avg; average_pore_diameter_(angstrom); phpzc; pore_volume_total_value_cm3/g; pore_volume_micro_value_avg_cm3/g; pore_volume_meso_value_avg_cm3/g; element_C_value; element_N_value; element_O_value; AC_raw_material; ion_exchange_capacity_value_meq/L; contains_quaternary_ammonium; contains_sulfonic_acid; contains_carboxyl; contains_hydroxyl; contains_pyridinic_nitrogen; contains_amino_acid; contains_amine; contains_ester; contains_benzyl_chloride; polymer_matrix,63
NORITGAC400,False,27,9,7,contains_mesoporous; contains_macroporous; contains_gel; average_pore_diameter_(angstrom); phpzc; pore_volume_total_value_cm3/g; element_C_value; element_N_value; element_O_value; ion_exchange_capacity_value_meq/L; contains_quaternary_ammonium; contains_sulfonic_acid; contains_carboxyl; contains_hydroxyl; contains_pyridinic_nitrogen; contains_amino_acid; contains_amine; contains_ester; contains_benzyl_chloride; polymer_matrix,63
NORITGAC830,True,27,9,9,contains_mesoporous; contains_macroporous; contains_gel; Nominal_grain_size_value_mm; average_pore_diameter_(angstrom); pore_volume_micro_value_avg_cm3/g; pore_volume_meso_value_avg_cm3/g; ion_exchange_capacity_value_meq/L; contains_quaternary_ammonium; contains_sulfonic_acid; contains_carboxyl; contains_hydroxyl; contains_pyridinic_nitrogen; contains_amino_acid; contains_amine; contains_ester; contains_benzyl_chloride; polymer_matrix,63
NORITROW0.8SUPRA,False,27,9,4,contains_mesoporous; contains_macroporous; contains_gel; Nominal_grain_size_value_mm; average_pore_diameter_(angstrom); phpzc; pore_volume_total_value_cm3/g; pore_volume_micro_value_avg_cm3/g; pore_volume_meso_value_avg_cm3/g; element_C_value; element_N_value; element_O_value; ion_exchange_capacity_value_meq/L; contains_quaternary_ammonium; contains_sulfonic_acid; contains_carboxyl; contains_hydroxyl; contains_pyridinic_nitrogen; contains_amino_acid; contains_amine; contains_ester; contains_benzyl_chloride; polymer_matrix,63
NORITROX0.8,False,27,9,4,contains_mesoporous; contains_macroporous; contains_gel; average_pore_diameter_(angstrom); phpzc; pore_volume_total_value_cm3/g; pore_volume_micro_value_avg_cm3/g; pore_volume_meso_value_avg_cm3/g; element_C_value; element_N_value; element_O_value; AC_raw_material; ion_exchange_capacity_value_meq/L; contains_quaternary_ammonium; contains_sulfonic_acid; contains_carboxyl; contains_hydroxyl; contains_pyridinic_nitrogen; contains_amino_acid; contains_amine; contains_ester; contains_benzyl_chloride; polymer_matrix,63
OLC12X30CBC,False,27,9,8,contains_mesoporous; contains_macroporous; contains_gel; pore_volume_micro_value_avg_cm3/g; pore_volume_meso_value_avg_cm3/g; element_C_value; element_N_value; element_O_value; ion_exchange_capacity_value_meq/L; contains_quaternary_ammonium; contains_sulfonic_acid; contains_carboxyl; contains_hydroxyl; contains_pyridinic_nitrogen; contains_amino_acid; contains_amine; contains_ester; contains_benzyl_chloride; polymer_matrix,63
PLUMESTOP,False,27,9,3,contains_mesoporous; contains_macroporous; contains_gel; ssa_(m2/g)_avg; average_pore_diameter_(angstrom); phpzc; pore_volume_total_value_cm3/g; pore_volume_micro_value_avg_cm3/g; pore_volume_meso_value_avg_cm3/g; element_C_value; element_N_value; element_O_value; AC_raw_material; ion_exchange_capacity_value_meq/L; contains_quaternary_ammonium; contains_sulfonic_acid; contains_carboxyl; contains_hydroxyl; contains_pyridinic_nitrogen; contains_amino_acid; contains_amine; contains_ester; contains_benzyl_chloride; polymer_matrix,63
PUROFINEPFA694E,True,27,9,17,ssa_(m2/g)_avg; average_pore_diameter_(angstrom); phpzc; pore_volume_total_value_cm3/g; pore_volume_micro_value_avg_cm3/g; pore_volume_meso_value_avg_cm3/g; element_C_value; element_N_value; element_O_value; AC_raw_material,63
PUROFINEPFC100E,True,27,9,16,ssa_(m2/g)_avg; average_pore_diameter_(angstrom); phpzc; pore_volume_total_value_cm3/g; pore_volume_micro_value_avg_cm3/g; pore_volume_meso_value_avg_cm3/g; element_C_value; element_N_value; element_O_value; AC_raw_material; ion_exchange_capacity_value_meq/L,63
PUROLITEA110,True,27,9,16,ssa_(m2/g)_avg; average_pore_diameter_(angstrom); phpzc; pore_volume_total_value_cm3/g; pore_volume_micro_value_avg_cm3/g; pore_volume_meso_value_avg_cm3/g; element_C_value; element_N_value; element_O_value; AC_raw_material; ion_exchange_capacity_value_meq/L,63
PUROLITEA520E,True,27,9,17,ssa_(m2/g)_avg; average_pore_diameter_(angstrom); phpzc; pore_volume_total_value_cm3/g; pore_volume_micro_value_avg_cm3/g; pore_volume_meso_value_avg_cm3/g; element_C_value; element_N_value; element_O_value; AC_raw_material,63
PUROLITEA532E,True,27,9,17,ssa_(m2/g)_avg; average_pore_diameter_(angstrom); phpzc; pore_volume_total_value_cm3/g; pore_volume_micro_value_avg_cm3/g; pore_volume_meso_value_avg_cm3/g; element_C_value; element_N_value; element_O_value; AC_raw_material,63
PUROLITEA592E,True,27,9,20,ssa_(m2/g)_avg; average_pore_diameter_(angstrom); phpzc; pore_volume_total_value_cm3/g; pore_volume_micro_value_avg_cm3/g; pore_volume_meso_value_avg_cm3/g; AC_raw_material,63
PUROLITEA600E,True,27,9,17,ssa_(m2/g)_avg; average_pore_diameter_(angstrom); phpzc; pore_volume_total_value_cm3/g; pore_volume_micro_value_avg_cm3/g; pore_volume_meso_value_avg_cm3/g; element_C_value; element_N_value; element_O_value; AC_raw_material,63
PUROLITEA694,True,27,9,12,contains_mesoporous; contains_macroporous; contains_gel; ssa_(m2/g)_avg; average_pore_diameter_(angstrom); phpzc; pore_volume_total_value_cm3/g; pore_volume_micro_value_avg_cm3/g; pore_volume_meso_value_avg_cm3/g; element_C_value; element_N_value; element_O_value; AC_raw_material; ion_exchange_capacity_value_meq/L; polymer_matrix,63
PUROLITEA860,True,27,9,23,element_C_value; element_N_value; element_O_value; AC_raw_material,63
PUROLITEPFA649E,True,27,9,12,contains_mesoporous; contains_macroporous; contains_gel; ssa_(m2/g)_avg; average_pore_diameter_(angstrom); phpzc; pore_volume_total_value_cm3/g; pore_volume_micro_value_avg_cm3/g; pore_volume_meso_value_avg_cm3/g; element_C_value; element_N_value; element_O_value; AC_raw_material; ion_exchange_capacity_value_meq/L; polymer_matrix,63
RESINEXTMPFCR1,True,27,9,15,Nominal_grain_size_value_mm; ssa_(m2/g)_avg; average_pore_diameter_(angstrom); phpzc; pore_volume_total_value_cm3/g; pore_volume_micro_value_avg_cm3/g; pore_volume_meso_value_avg_cm3/g; element_C_value; element_N_value; element_O_value; AC_raw_material; ion_exchange_capacity_value_meq/L,63
RESINEXTMPFCR2,True,27,9,16,Nominal_grain_size_value_mm; ssa_(m2/g)_avg; average_pore_diameter_(angstrom); phpzc; pore_volume_total_value_cm3/g; pore_volume_micro_value_avg_cm3/g; pore_volume_meso_value_avg_cm3/g; element_C_value; element_N_value; element_O_value; AC_raw_material,63
SEPLITELSI106G,True,27,9,13,contains_mesoporous; contains_macroporous; contains_gel; ssa_(m2/g)_avg; average_pore_diameter_(angstrom); phpzc; pore_volume_total_value_cm3/g; pore_volume_micro_value_avg_cm3/g; pore_volume_meso_value_avg_cm3/g; element_C_value; element_N_value; element_O_value; AC_raw_material; ion_exchange_capacity_value_meq/L,63
SEPRAWAX,True,27,9,16,contains_mesoporous; contains_macroporous; contains_gel; phpzc; pore_volume_micro_value_avg_cm3/g; pore_volume_meso_value_avg_cm3/g; element_C_value; element_N_value; element_O_value; AC_raw_material; ion_exchange_capacity_value_meq/L,63
SILCARBON,False,27,9,5,contains_mesoporous; contains_macroporous; contains_gel; average_pore_diameter_(angstrom); phpzc; pore_volume_total_value_cm3/g; pore_volume_micro_value_avg_cm3/g; pore_volume_meso_value_avg_cm3/g; element_C_value; element_N_value; element_O_value; ion_exchange_capacity_value_meq/L; contains_quaternary_ammonium; contains_sulfonic_acid; contains_carboxyl; contains_hydroxyl; contains_pyridinic_nitrogen; contains_amino_acid; contains_amine; contains_ester; contains_benzyl_chloride; polymer_matrix,63
SILCARBONTH90EXTRA,False,27,9,5,contains_mesoporous; contains_macroporous; contains_gel; average_pore_diameter_(angstrom); phpzc; pore_volume_total_value_cm3/g; pore_volume_micro_value_avg_cm3/g; pore_volume_meso_value_avg_cm3/g; element_C_value; element_N_value; element_O_value; ion_exchange_capacity_value_meq/L; contains_quaternary_ammonium; contains_sulfonic_acid; contains_carboxyl; contains_hydroxyl; contains_pyridinic_nitrogen; contains_amino_acid; contains_amine; contains_ester; contains_benzyl_chloride; polymer_matrix,63
SINGICHEMICALGAC,False,27,9,2,contains_mesoporous; contains_macroporous; contains_gel; Nominal_grain_size_value_mm; ssa_(m2/g)_avg; average_pore_diameter_(angstrom); phpzc; pore_volume_total_value_cm3/g; pore_volume_micro_value_avg_cm3/g; pore_volume_meso_value_avg_cm3/g; element_C_value; element_N_value; element_O_value; AC_raw_material; ion_exchange_capacity_value_meq/L; contains_quaternary_ammonium; contains_sulfonic_acid; contains_carboxyl; contains_hydroxyl; contains_pyridinic_nitrogen; contains_amino_acid; contains_amine; contains_ester; contains_benzyl_chloride; polymer_matrix,63
SORBIXTMPURE,True,27,9,16,Nominal_grain_size_value_mm; ssa_(m2/g)_avg; average_pore_diameter_(angstrom); phpzc; pore_volume_total_value_cm3/g; pore_volume_micro_value_avg_cm3/g; pore_volume_meso_value_avg_cm3/g; element_C_value; element_N_value; element_O_value; AC_raw_material,63
SUPELITEDAX8,False,27,9,4,contains_mesoporous; contains_macroporous; contains_gel; Nominal_grain_size_value_mm; ssa_(m2/g)_avg; average_pore_diameter_(angstrom); phpzc; pore_volume_total_value_cm3/g; pore_volume_micro_value_avg_cm3/g; pore_volume_meso_value_avg_cm3/g; element_C_value; element_N_value; element_O_value; AC_raw_material; contains_quaternary_ammonium; contains_sulfonic_acid; contains_carboxyl; contains_hydroxyl; contains_pyridinic_nitrogen; contains_amino_acid; contains_amine; contains_ester; contains_benzyl_chloride,63
TAN1,True,27,9,16,ssa_(m2/g)_avg; average_pore_diameter_(angstrom); phpzc; pore_volume_total_value_cm3/g; pore_volume_micro_value_avg_cm3/g; pore_volume_meso_value_avg_cm3/g; element_C_value; element_N_value; element_O_value; AC_raw_material; ion_exchange_capacity_value_meq/L,63
ULTRACARB1240LD,False,27,9,3,contains_mesoporous; contains_macroporous; contains_gel; Nominal_grain_size_value_mm; ssa_(m2/g)_avg; average_pore_diameter_(angstrom); phpzc; pore_volume_total_value_cm3/g; pore_volume_micro_value_avg_cm3/g; pore_volume_meso_value_avg_cm3/g; element_C_value; element_N_value; element_O_value; ion_exchange_capacity_value_meq/L; contains_quaternary_ammonium; contains_sulfonic_acid; contains_carboxyl; contains_hydroxyl; contains_pyridinic_nitrogen; contains_amino_acid; contains_amine; contains_ester; contains_benzyl_chloride; polymer_matrix,63
WPH1000,False,27,9,3,contains_mesoporous; contains_macroporous; contains_gel; ssa_(m2/g)_avg; average_pore_diameter_(angstrom); phpzc; pore_volume_total_value_cm3/g; pore_volume_micro_value_avg_cm3/g; pore_volume_meso_value_avg_cm3/g; element_C_value; element_N_value; element_O_value; AC_raw_material; ion_exchange_capacity_value_meq/L; contains_quaternary_ammonium; contains_sulfonic_acid; contains_carboxyl; contains_hydroxyl; contains_pyridinic_nitrogen; contains_amino_acid; contains_amine; contains_ester; contains_benzyl_chloride; polymer_matrix,63
WPHM,False,27,9,5,contains_mesoporous; contains_macroporous; contains_gel; average_pore_diameter_(angstrom); phpzc; pore_volume_total_value_cm3/g; pore_volume_micro_value_avg_cm3/g; pore_volume_meso_value_avg_cm3/g; element_C_value; element_N_value; element_O_value; ion_exchange_capacity_value_meq/L; contains_quaternary_ammonium; contains_sulfonic_acid; contains_carboxyl; contains_hydroxyl; contains_pyridinic_nitrogen; contains_amino_acid; contains_amine; contains_ester; contains_benzyl_chloride; polymer_matrix,63
WPL,False,27,9,2,contains_mesoporous; contains_macroporous; contains_gel; Nominal_grain_size_value_mm; ssa_(m2/g)_avg; average_pore_diameter_(angstrom); phpzc; pore_volume_total_value_cm3/g; pore_volume_micro_value_avg_cm3/g; pore_volume_meso_value_avg_cm3/g; element_C_value; element_N_value; element_O_value; AC_raw_material; ion_exchange_capacity_value_meq/L; contains_quaternary_ammonium; contains_sulfonic_acid; contains_carboxyl; contains_hydroxyl; contains_pyridinic_nitrogen; contains_amino_acid; contains_amine; contains_ester; contains_benzyl_chloride; polymer_matrix,63
WVB14X35,True,27,9,11,contains_mesoporous; contains_macroporous; contains_gel; Nominal_grain_size_value_mm; average_pore_diameter_(angstrom); ion_exchange_capacity_value_meq/L; contains_quaternary_ammonium; contains_sulfonic_acid; contains_carboxyl; contains_hydroxyl; contains_pyridinic_nitrogen; contains_amino_acid; contains_amine; contains_ester; contains_benzyl_chloride; polymer_matrix,63
