Product_key,model_adsorbent_id,mapping_status,mapping_method
A520E,A520E,exact_normalized_key,exact_normalized_key_only
ACF15,,requires_curated_mapping,no_fuzzy_match_attempted
ACF20,ACF20,exact_normalized_key,exact_normalized_key_only
ACF25,,requires_curated_mapping,no_fuzzy_match_attempted
ACTICARBGS1300,,requires_curated_mapping,no_fuzzy_match_attempted
ACTICARBONENCL1240,,requires_curated_mapping,no_fuzzy_match_attempted
ACTITEXFC1001,,requires_curated_mapping,no_fuzzy_match_attempted
ACTITEXFC1501,,requires_curated_mapping,no_fuzzy_match_attempted
ACTITEXWKL20,,requires_curated_mapping,no_fuzzy_match_attempted
AMBERLITEIRA400,,requires_curated_mapping,no_fuzzy_match_attempted
AMBERLITEIRA410,,requires_curated_mapping,no_fuzzy_match_attempted
AMBERLITEIRA458,,requires_curated_mapping,no_fuzzy_match_attempted
AMBERLITEIRA67,,requires_curated_mapping,no_fuzzy_match_attempted
AMBERLITEIRA900,,requires_curated_mapping,no_fuzzy_match_attempted
AMBERLITEIRA910,Amberlite IRA910,exact_normalized_key,exact_normalized_key_only
AMBERLITEPSR2+,,requires_curated_mapping,no_fuzzy_match_attempted
AMBERLITEXAD2,,requires_curated_mapping,no_fuzzy_match_attempted
AMBERLITEXAD4,,requires_curated_mapping,no_fuzzy_match_attempted
AMBERLITEXAD7HP,,requires_curated_mapping,no_fuzzy_match_attempted
AMBERSEP900OH,,requires_curated_mapping,no_fuzzy_match_attempted
AQUACARB1230C,,requires_curated_mapping,no_fuzzy_match_attempted
AQUACARB1240AW,,requires_curated_mapping,no_fuzzy_match_attempted
AQUACARB1240C,,requires_curated_mapping,no_fuzzy_match_attempted
AQUANUCHAR,,requires_curated_mapping,no_fuzzy_match_attempted
AQUASORB,,requires_curated_mapping,no_fuzzy_match_attempted
AQUASORB6300,,requires_curated_mapping,no_fuzzy_match_attempted
AQUASORBCX,,requires_curated_mapping,no_fuzzy_match_attempted
AQUASORBOMNIG12X40,,requires_curated_mapping,no_fuzzy_match_attempted
AQUASORBTM5000,,requires_curated_mapping,no_fuzzy_match_attempted
BIONUCHAR,,requires_curated_mapping,no_fuzzy_match_attempted
BPL,BPL,exact_normalized_key,exact_normalized_key_only
CALGONURVMOD1,,requires_curated_mapping,no_fuzzy_match_attempted
CALRES2304,CalRes2304,exact_normalized_key,exact_normalized_key_only
CECARBONGAC1240,,requires_curated_mapping,no_fuzzy_match_attempted
D5705,,requires_curated_mapping,no_fuzzy_match_attempted
D5706,,requires_curated_mapping,no_fuzzy_match_attempted
DARCO100MESH,,requires_curated_mapping,no_fuzzy_match_attempted
DEXSORB,DEXSORB+,exact_normalized_key,exact_normalized_key_only
DEXSORB+,DEXSORB+,exact_normalized_key,exact_normalized_key_only
DEXSORBMP,,requires_curated_mapping,no_fuzzy_match_attempted
DOWEX1,,requires_curated_mapping,no_fuzzy_match_attempted
DOWEXOPTOPOREL493,,requires_curated_mapping,no_fuzzy_match_attempted
DOWEXOPTOPOREV493,,requires_curated_mapping,no_fuzzy_match_attempted
DOWEXPSR2+,,requires_curated_mapping,no_fuzzy_match_attempted
DOWEXPSR2PLUSCL,,requires_curated_mapping,no_fuzzy_match_attempted
EVOQUA,,requires_curated_mapping,no_fuzzy_match_attempted
FILTRASORB200,,requires_curated_mapping,no_fuzzy_match_attempted
FILTRASORB300,,requires_curated_mapping,no_fuzzy_match_attempted
FILTRASORB390,,requires_curated_mapping,no_fuzzy_match_attempted
FILTRASORB400,Filtrasorb 400,exact_normalized_key,exact_normalized_key_only
FILTRASORB400M,,requires_curated_mapping,no_fuzzy_match_attempted
FILTRASORB600,,requires_curated_mapping,no_fuzzy_match_attempted
FILTRASORB820,,requires_curated_mapping,no_fuzzy_match_attempted
FILTRASORBF100,,requires_curated_mapping,no_fuzzy_match_attempted
FILTRASORBF200,,requires_curated_mapping,no_fuzzy_match_attempted
FILTRASORBF816,,requires_curated_mapping,no_fuzzy_match_attempted
G.C.POWDEREDS,,requires_curated_mapping,no_fuzzy_match_attempted
HYDRAFFIN30N,,requires_curated_mapping,no_fuzzy_match_attempted
HYDRAFFINCC8*30,Hydraffin CC8*30,exact_normalized_key,exact_normalized_key_only
HYDRODARCO4000,,requires_curated_mapping,no_fuzzy_match_attempted
HYDRODARCOB,,requires_curated_mapping,no_fuzzy_match_attempted
INTRAPLEX,,requires_curated_mapping,no_fuzzy_match_attempted
IRA958,IRA958,exact_normalized_key,exact_normalized_key_only
K6362,,requires_curated_mapping,no_fuzzy_match_attempted
LEWATITTP108,,requires_curated_mapping,no_fuzzy_match_attempted
LEWATITVPOC1065,,requires_curated_mapping,no_fuzzy_match_attempted
M800,,requires_curated_mapping,no_fuzzy_match_attempted
MIEXDOC,,requires_curated_mapping,no_fuzzy_match_attempted
MIEXGOLD,MIEX ® GOLD,exact_normalized_key,exact_normalized_key_only
MP62,,requires_curated_mapping,no_fuzzy_match_attempted
NORIT1240,,requires_curated_mapping,no_fuzzy_match_attempted
NORIT1240AF,,requires_curated_mapping,no_fuzzy_match_attempted
NORIT1240W,,requires_curated_mapping,no_fuzzy_match_attempted
NORITAULTRAE153,,requires_curated_mapping,no_fuzzy_match_attempted
NORITGAC400,,requires_curated_mapping,no_fuzzy_match_attempted
NORITGAC830,Norit GAC 830,exact_normalized_key,exact_normalized_key_only
NORITROW0.8SUPRA,,requires_curated_mapping,no_fuzzy_match_attempted
NORITROX0.8,,requires_curated_mapping,no_fuzzy_match_attempted
OLC12X30CBC,,requires_curated_mapping,no_fuzzy_match_attempted
PLUMESTOP,,requires_curated_mapping,no_fuzzy_match_attempted
PUROFINEPFA694E,Purofine® PFA694E,exact_normalized_key,exact_normalized_key_only
PUROFINEPFC100E,Purofine® PFC100E,exact_normalized_key,exact_normalized_key_only
PUROLITEA110,,requires_curated_mapping,no_fuzzy_match_attempted
PUROLITEA520E,,requires_curated_mapping,no_fuzzy_match_attempted
PUROLITEA532E,,requires_curated_mapping,no_fuzzy_match_attempted
PUROLITEA592E,,requires_curated_mapping,no_fuzzy_match_attempted
PUROLITEA600E,,requires_curated_mapping,no_fuzzy_match_attempted
PUROLITEA694,,requires_curated_mapping,no_fuzzy_match_attempted
PUROLITEA860,,requires_curated_mapping,no_fuzzy_match_attempted
PUROLITEPFA649E,,requires_curated_mapping,no_fuzzy_match_attempted
RESINEXTMPFCR1,,requires_curated_mapping,no_fuzzy_match_attempted
RESINEXTMPFCR2,,requires_curated_mapping,no_fuzzy_match_attempted
SEPLITELSI106G,,requires_curated_mapping,no_fuzzy_match_attempted
SEPRAWAX,,requires_curated_mapping,no_fuzzy_match_attempted
SILCARBON,,requires_curated_mapping,no_fuzzy_match_attempted
SILCARBONTH90EXTRA,,requires_curated_mapping,no_fuzzy_match_attempted
SINGICHEMICALGAC,,requires_curated_mapping,no_fuzzy_match_attempted
SORBIXTMPURE,,requires_curated_mapping,no_fuzzy_match_attempted
SUPELITEDAX8,,requires_curated_mapping,no_fuzzy_match_attempted
TAN1,,requires_curated_mapping,no_fuzzy_match_attempted
ULTRACARB1240LD,,requires_curated_mapping,no_fuzzy_match_attempted
WPH1000,,requires_curated_mapping,no_fuzzy_match_attempted
WPHM,,requires_curated_mapping,no_fuzzy_match_attempted
WPL,,requires_curated_mapping,no_fuzzy_match_attempted
WVB14X35,,requires_curated_mapping,no_fuzzy_match_attempted
