Product_key,Name_Commercial,Adsorbent_category,Adsorbent_subcategory,AC_raw_material,AC_activation_method,Polymer_matrix,Functional_group,Pore_class,Nominal_grain_size_value_mm,SSA_(m2/g),Total_pore_volume_(cm3/g),Micro_pore_volume_(cm3/g),Meso_pore_volume_(cm3/g),Macro_pore_volume_(cm3/g),Average_pore_diameter_(Angstrom),ion_exchange_capacity_value_meq/g,ion_exchange_capacity_value_meq/L,element_C_value,element_N_value,element_O_value,pHPZC,Zeta_potential_(mV),Zeta_potential_pH,iodine_number_mg/g,adsorbent_category,adsorbent_subcategory,polymer_matrix,pore_class,particle_size_value_mm,ssa_(m2/g)_avg,average_pore_diameter_(angstrom),phpzc,porosity_total_value,porosity_micro_value_avg,porosity_meso_value_avg,porosity_macro_value_avg,pore_volume_total_value_cm3/g,pore_volume_micro_value_avg_cm3/g,pore_volume_meso_value_avg_cm3/g,pore_volume_macro_value_avg_cm3/g,zeta_potential_value,zeta_potential_pH,functional_group,contains_quaternary_ammonium,contains_sulfonic_acid,contains_carboxyl,contains_carbonyl,contains_hydroxyl,contains_lactone,contains_pyridinic_nitrogen,contains_pyrrolic_nitrogen,contains_amino_acid,contains_amine,contains_amide,contains_nitrile,contains_alkoxy,contains_glycosidic_bond,contains_ester,contains_benzyl_chloride,contains_siloxane,contains_unspecified_functional_groups,contains_microporous,contains_mesoporous,contains_macroporous,contains_gel,contains_nonporous,catalog_match_status,catalog_data_sources
A520E,A520E,Ion exchange resin,strong base anion,,,Polystyrene (PS),Quaternary ammonium,Macroporous,,,,,,,,,,,,,,,,,Ion exchange resin,strong base anion,Polystyrene (PS),Macroporous,,,,,,,,,,,,,,,Quaternary ammonium,True,False,False,False,False,False,False,False,False,False,False,False,False,False,False,False,False,False,False,False,True,False,False,,
ACF15,ACF15,Activated carbon,specialty activated carbon,,,,,,,1248.0,0.84,0.25,0.18,0.4,,,,0.9291,0.0005,0.0115,7.58,,,,Activated carbon,specialty activated carbon,,,,1248.0,,7.58,,,,,0.84,0.25,0.18,0.4,,,,,,,,,,,,,,,,,,,,,,,,,,,,
ACF20,ACF20,Activated carbon,specialty activated carbon,,,,,,0.009000000000000001,2055.0,1.15,0.39,0.37,0.32,,,,0.932,0.0005,0.035,7.28,,,,Activated carbon,specialty activated carbon,,,,2055.0,,7.28,,,,,1.15,0.39,0.37,0.32,,,,,,,,,,,,,,,,,,,,,,,,,,,,
ACF25,ACF25,Activated carbon,specialty activated carbon,,,,,,,1797.0,0.83,0.23,0.37,0.21,,,,0.9347,0.0005,0.0133,7.7,,,,Activated carbon,specialty activated carbon,,,,1797.0,,7.7,,,,,0.83,0.23,0.37,0.21,,,,,,,,,,,,,,,,,,,,,,,,,,,,
ACTICARBGS1300,Acticarb GS1300,Activated carbon,granular activated carbon (GAC),coal,Physical_Steam,,,,0.6–2.4,1185.0,0.53,,,,28.0,,,0.702,0.0043,0.2947,6.5,,,,Activated carbon,granular activated carbon (GAC),,,,1185.0,28.0,6.5,,,,,0.53,,,,,,,,,,,,,,,,,,,,,,,,,,,,,,matched,https://acticarb.group/products/granular-activated-carbon/gs1300/
ACTICARBONENCL1240,Acticarbone NCL 1240,Activated carbon,granular activated carbon,coconut,Physical_Steam,,,Microporous,0.035,1001.9,,,,,,,,,,,7.8,,,,Activated carbon,granular activated carbon,,Microporous,,1001.9,,7.8,,,,,,,,,,,,,,,,,,,,,,,,,,,,,,True,False,False,False,False,,
ACTITEXFC1001,ACTITEX FC 1001,Activated carbon,specialty activated carbon,synthetic rayon-based viscose fiber,,,,,,1400.0,0.62,0.55,,,,0.71428,,,0.6,0.039,6.5,,,,Activated carbon,specialty activated carbon,,,,1400.0,,6.5,,,,,0.62,0.55,,,,,,,,,,,,,,,,,,,,,,,,,,,,,,
ACTITEXFC1501,ACTITEX FC 1501,Activated carbon,specialty activated carbon,synthetic rayon-based viscose fiber,,,,,,1600.0,0.74,0.6,,,,0.4288,,,0.5,0.159,7.1,,,,Activated carbon,specialty activated carbon,,,,1600.0,,7.1,,,,,0.74,0.6,,,,,,,,,,,,,,,,,,,,,,,,,,,,,,
ACTITEXWKL20,ACTITEX WK L20,Activated carbon,specialty activated carbon,synthetic rayon-based viscose fiber,,,,,,1100.0,0.53,0.37,,,,0.9284,,,0.485,0.137,5.9,,,,Activated carbon,specialty activated carbon,,,,1100.0,,5.9,,,,,0.53,0.37,,,,,,,,,,,,,,,,,,,,,,,,,,,,,,
AMBERLITEIRA400,Amberlite IRA 400,Ion exchange resin,strong base anion,,,Polystyrene-divinylbenzene (PS-DVB),Quaternary ammonium,Gel,0.75,,,,,,,3.8,1400.0,0.6024,0.0475,,,,,,Ion exchange resin,strong base anion,Polystyrene-divinylbenzene (PS-DVB),Gel,,,,,,,,,,,,,,,Quaternary ammonium,True,False,False,False,False,False,False,False,False,False,False,False,False,False,False,False,False,False,False,False,False,True,False,,
AMBERLITEIRA410,AmberLite IRA410,Ion exchange resin,Strong base anion (Type II),,,styrene-divinylbenzene,dimethylethanolammonium,Gel,0.6 - 0.75,,,,,,,,1250.0,,,,,,,,Ion exchange resin,Strong base anion (Type II),styrene-divinylbenzene,Gel,,,,,,,,,,,,,,,Quaternary ammonium,True,False,False,False,False,False,False,False,False,False,False,False,False,False,False,False,False,False,False,False,False,True,False,matched,https://www.dupont.com/content/dam/water/amer/us/en/water/public/documents/en/IER-AmberLite-IRA410-Cl-PDS-45-D01252-en.pdf
AMBERLITEIRA458,Amberlite IRA-458,Ion exchange resin,strong base anion,,,Polyacrylic,Quaternary ammonium,Gel,,,,,,,,,,,,,,,,,Ion exchange resin,strong base anion,Polyacrylic,Gel,,,,,,,,,,,,,,,Quaternary ammonium,True,False,False,False,False,False,False,False,False,False,False,False,False,False,False,False,False,False,False,False,False,True,False,,
AMBERLITEIRA67,Amberlite IRA67,Ion exchange resin,Weak base anion,,,crosslinked acrylic,tertiary amine,Gel,0.5 - 0.75,,,,,,,5.08,1600.0,,,,,,,,Ion exchange resin,Weak base anion,crosslinked acrylic,Gel,,,,,,,,,,,,,,,Amine,False,False,False,False,False,False,False,False,False,True,False,False,False,False,False,False,False,False,False,False,False,True,False,matched,https://www.dupont.com/content/dam/water/amer/us/en/water/public/documents/en/IER-AmberLite-IRA67-PDS-45-D01249-en.pdf
AMBERLITEIRA900,AmberLite IRA900,Ion exchange resin,Strong base anion (Type I),,,styrene-divinylbenzene,trimethylammonium,Macroporous,0.64 - 0.8,,,,,,,,1000.0,,,,,,,,Ion exchange resin,Strong base anion (Type I),styrene-divinylbenzene,Macroporous,,,,,,,,,,,,,,,Quaternary ammonium,True,False,False,False,False,False,False,False,False,False,False,False,False,False,False,False,False,False,False,False,True,False,False,matched,https://www.dupont.com/content/dam/water/amer/us/en/water/public/documents/en/IER-AmberLite-IRA900-Cl-PDS-45-D01254-en.pdf
AMBERLITEIRA910,Amberlite IRA910,Ion exchange resin,Strong base anion (Type II),,,styrene-divinylbenzene,dimethylethanolammonium,Macroporous,0.53 - 0.8,,,,,,,5.33,1000.0,,,,,,,,Ion exchange resin,Strong base anion (Type II),styrene-divinylbenzene,Macroporous,,,,,,,,,,,,,,,Quaternary ammonium,True,False,False,False,False,False,False,False,False,False,False,False,False,False,False,False,False,False,False,False,True,False,False,matched,https://www.dupont.com/content/dam/water/amer/us/en/water/public/documents/en/IER-AmberLite-IRA910-Cl-PDS-45-D01255-en.pdf
AMBERLITEPSR2+,Amberlite PSR2+,Ion exchange resin,Strong base anion,,,styrene-divinylbenzene,quaternary amine,Gel,0.700 +/- 0.050,,,,,,,,700.0,,,,,12.8,7.0,,Ion exchange resin,Strong base anion,styrene-divinylbenzene,Gel,,,,,,,,,,,,,,,Quaternary ammonium,True,False,False,False,False,False,False,False,False,False,False,False,False,False,False,False,False,False,False,False,False,True,False,matched,https://www.dupont.com/content/dam/water/amer/us/en/water/public/documents/en/IER-AmberLite-PSR2-Plus-PDS-45-D00899-en.pdf
AMBERLITEXAD2,Amberlite XAD-2,Nonionic resin,nonpolar,,,Polystyrene (PS),,,,,,,,,,0.0,0.0,,,,,,,,Nonionic resin,nonpolar,Polystyrene (PS),,,,,,,,,,,,,,,,,,,,,,,,,,,,,,,,,,,,,,,,,
AMBERLITEXAD4,Amberlite XAD 4,Nonionic resin,nonpolar,,,crosslinked divinylbenzene,,Macroporous,0.49 - 0.69,880.0,1.3,,,,100.0,0.0,0.0,,,,,,,,Nonionic resin,nonpolar,crosslinked divinylbenzene,Macroporous,,880.0,100.0,,,,,,1.3,,,,,,,,,,,,,,,,,,,,,,,,,False,False,True,False,False,matched,https://www.dupont.com/content/dam/water/amer/us/en/water/public/documents/en/IER-AmberLite-XAD4-PDS-45-D00781-en.pdf
AMBERLITEXAD7HP,Amberlite XAD7HP,Nonionic resin,polar,,,crosslinked aliphatic acrylic polymer,,Macroporous,0.43 - 0.69,520.0,0.95,,,,550.0,0.0,0.0,,,,6.2,,,,Nonionic resin,polar,crosslinked aliphatic acrylic polymer,Macroporous,,520.0,550.0,6.2,,,,,0.95,,,,,,,,,,,,,,,,,,,,,,,,,False,False,True,False,False,matched,https://www.dupont.com/content/dam/water/amer/us/en/water/public/documents/en/IER-AmberLite-XAD7HP-PDS-45-D00782-en.pdf
AMBERSEP900OH,Ambersep 900 OH,Ion exchange resin,Strong base anion (Type I),,,polystyrene backbone crosslinked with divinylbenzene (DVB),quaternary ammonium,,0.354 - 1.19,20.0,0.1,,,,98.0,,800.0,0.7805,0.0504,0.1696,11.7,,,,Ion exchange resin,Strong base anion (Type I),polystyrene backbone crosslinked with divinylbenzene (DVB),,,20.0,98.0,11.7,,,,,0.1,,,,,,Quaternary ammonium,True,False,False,False,False,False,False,False,False,False,False,False,False,False,False,False,False,False,,,,,,matched,https://www.lenntech.com/Data-sheets/Ambersep-900-OH-L.pdf
AQUACARB1230C,AquaCarb 1230C,Activated carbon,granular activated carbon (GAC),coconut shell,,,,,0.60–1.70,,,,,,,,,,,,,,,,Activated carbon,granular activated carbon (GAC),,,,,,,,,,,,,,,,,,,,,,,,,,,,,,,,,,,,,,,,,matched,https://www.xylem.com/en-us/catalog/parts--consumables/carbon/liquid-phase-carbons/aquacarb-activated-carbon-1230c-55lb-pb/
AQUACARB1240AW,Aquacarb 1240AW,Activated carbon,granular activated carbon,subbituminous coal,,,,,0.08249999999999999,849.8,,0.381,0.131,,,,,0.9302,0.0078,0.0605,6.89,,,,Activated carbon,granular activated carbon,,,,849.8,,6.89,,,,,,0.381,0.131,,,,,,,,,,,,,,,,,,,,,,,,,,,,,
AQUACARB1240C,AquaCarb 1240C,Activated carbon,granular activated carbon,Coconut shell,,,,,,1428.0,0.64,0.3,0.24,0.1,,,,0.9345,0.0005,0.0125,9.27,,,,Activated carbon,granular activated carbon,,,,1428.0,,9.27,,,,,0.64,0.3,0.24,0.1,,,,,,,,,,,,,,,,,,,,,,,,,,,,
AQUANUCHAR,AquaNuchar,Activated carbon,powdered activated carbon (PAC),Wood,,,,,0.0975,1860.0,1.29,0.09,0.38,0.65,,,,0.767,0.0106,0.0347,4.75,,,,Activated carbon,powdered activated carbon (PAC),,,,1860.0,,4.75,,,,,1.29,0.09,0.38,0.65,,,,,,,,,,,,,,,,,,,,,,,,,,,matched,https://www.ingevity.com/products/aquanuchar/
AQUASORB,Aquasorb,Activated carbon,powdered activated carbon,lignite,,,,Microporous,0.025,888.0,,0.353,0.196,,,,,,,,11.5,,,,Activated carbon,powdered activated carbon,,Microporous,,888.0,,11.5,,,,,,0.353,0.196,,,,,,,,,,,,,,,,,,,,,,,True,False,False,False,False,,
AQUASORB6300,AquaSorb 6300,Activated carbon,granular activated carbon,bitumen,,,,Microporous,0.6205,834.0,,0.345,0.034,,,,,,,,9.8,,,,Activated carbon,granular activated carbon,,Microporous,,834.0,,9.8,,,,,,0.345,0.034,,,,,,,,,,,,,,,,,,,,,,,True,False,False,False,False,,
AQUASORBCX,Aquasorb CX,Activated carbon,granular activated carbon,Coconut shell,,,,,,1032.855,,0.618,0.007,,,,,,,,,,,,Activated carbon,granular activated carbon,,,,1032.855,,,,,,,,0.618,0.007,,,,,,,,,,,,,,,,,,,,,,,,,,,,,
AQUASORBOMNIG12X40,AquaSorb Omni-G 12 x 40,Activated carbon,granular activated carbon,,,,,,0.71,661.0,0.181,,,,16.6,,,,,,8.1,,,,Activated carbon,granular activated carbon,,,,661.0,16.6,8.1,,,,,0.181,,,,,,,,,,,,,,,,,,,,,,,,,,,,,,,
AQUASORBTM5000,AquaSorb TM 5000,Activated carbon,granular activated carbon,lignite,,,,,,982.0,,,,,,,,,,,,,,,Activated carbon,granular activated carbon,,,,982.0,,,,,,,,,,,,,,,,,,,,,,,,,,,,,,,,,,,,,,
BIONUCHAR,BioNuchar,Activated carbon,granular activated carbon,Wood,,,,,,2341.0,3.79,0.0,0.14,3.14,,,,0.8518,0.0005,0.0318,4.07,,,,Activated carbon,granular activated carbon,,,,2341.0,,4.07,,,,,3.79,0.0,0.14,3.14,,,,,,,,,,,,,,,,,,,,,,,,,,,,
BPL,BPL,Activated carbon,powdered activated carbon,Bituminous coal,,,,,0.044,1191.0,0.4465,0.23,0.23,0.19,28.0,,,0.8716,0.0005,0.0043,8.35,,,,Activated carbon,powdered activated carbon,,,,1191.0,28.0,8.35,,,,,0.4465,0.23,0.23,0.19,,,,,,,,,,,,,,,,,,,,,,,,,,,,
CALGONURVMOD1,Calgon URV-MOD 1,Activated carbon,granular activated carbon,,,,,,1.09,,0.643,0.386,,,,,,,,,,,,,Activated carbon,granular activated carbon,,,,,,,,,,,0.643,0.386,,,,,,,,,,,,,,,,,,,,,,,,,,,,,,
CALRES2304,CalRes 2304,Ion exchange resin,strong base anion,,,Polystyrene-divinylbenzene (PS-DVB),Amine,Gel,0.75,,,,,,,,,,,,,,,,Ion exchange resin,strong base anion,Polystyrene-divinylbenzene (PS-DVB),Gel,,,,,,,,,,,,,,,Amine,False,False,False,False,False,False,False,False,False,True,False,False,False,False,False,False,False,False,False,False,False,True,False,,
CECARBONGAC1240,Cecarbon Gac 1240,Activated carbon,granular activated carbon,bituminous coal,Physical_Steam,,,Microporous,0.035,992.4,,,,,,,,,,,9.7,,,,Activated carbon,granular activated carbon,,Microporous,,992.4,,9.7,,,,,,,,,,,,,,,,,,,,,,,,,,,,,,True,False,False,False,False,,
D5705,D5705,Ion exchange resin,weak base anion,,,Polystyrene-divinylbenzene (PS-DVB),,Macroporous,,,,,,,,,,,,,,,,,Ion exchange resin,weak base anion,Polystyrene-divinylbenzene (PS-DVB),Macroporous,,,,,,,,,,,,,,,,,,,,,,,,,,,,,,,,,,False,False,True,False,False,,
D5706,D5706,Ion exchange resin,weak base anion,,,Polystyrene-divinylbenzene (PS-DVB),,Macroporous,,,,,,,,,,,,,,,,,Ion exchange resin,weak base anion,Polystyrene-divinylbenzene (PS-DVB),Macroporous,,,,,,,,,,,,,,,,,,,,,,,,,,,,,,,,,,False,False,True,False,False,,
DARCO100MESH,DARCO 100 mesh,Activated carbon,powdered activated carbon,,,,,,0.149,,,,,,,,,,,,,,,,Activated carbon,powdered activated carbon,,,,,,,,,,,,,,,,,,,,,,,,,,,,,,,,,,,,,,,,,,
DEXSORB,DEXSORB,Cyclodextrin polymers,β-CD polymer,,,,,,0.15,30.0,,0.0,,,,,,,,,,-21.95,7.0,,Cyclodextrin polymers,β-CD polymer,,,,30.0,,,,,,,,0.0,,,,,,,,,,,,,,,,,,,,,,,,,,,,,,
DEXSORB+,DEXSORB+,Cyclodextrin polymers,β-CD polymer,,,,Quaternary ammonium; Amine,,0.063,19.5,19.0,0.0,,,,,,,,,,13.235,7.0,,Cyclodextrin polymers,β-CD polymer,,,,19.5,,,,,,,19.0,0.0,,,,,Quaternary ammonium; Amine,True,False,False,False,False,False,False,False,False,True,False,False,False,False,False,False,False,False,,,,,,,
DEXSORBMP,Dexsorb MP,Cyclodextrin polymers,β-CD polymer,,,,,,,,,,,,,,,,,,,,,,Cyclodextrin polymers,β-CD polymer,,,,,,,,,,,,,,,,,,,,,,,,,,,,,,,,,,,,,,,,,,
DOWEX1,DOWEX1,Ion exchange resin,strong base anion,,,Polystyrene-divinylbenzene (PS-DVB),Quaternary ammonium,Gel,0.569,,,,,,,,,,,,,,,,Ion exchange resin,strong base anion,Polystyrene-divinylbenzene (PS-DVB),Gel,,,,,,,,,,,,,,,Quaternary ammonium,True,False,False,False,False,False,False,False,False,False,False,False,False,False,False,False,False,False,False,False,False,True,False,,
DOWEXOPTOPOREL493,Dowex optopore L493,Nonionic resin,nonpolar,,,polystyrene backbone crosslinked with divinylbenzene (DVB),,Macroporous,0.297 - 0.841,1100.0,,,,,,0.0,0.0,,,,,,,,Nonionic resin,nonpolar,polystyrene backbone crosslinked with divinylbenzene (DVB),Macroporous,,1100.0,,,,,,,,,,,,,,,,,,,,,,,,,,,,,,,,False,False,True,False,False,matched,https://www.lenntech.com/Data-sheets/Dowex-Opticore-L493-L.pdf
DOWEXOPTOPOREV493,Dowex optopore V493,Nonionic resin,nonpolar,,,Polystyrene-divinylbenzene (PS-DVB),,Macroporous,0.8,1025.0,,,,,,0.0,0.0,,,,,,,,Nonionic resin,nonpolar,Polystyrene-divinylbenzene (PS-DVB),Macroporous,,1025.0,,,,,,,,,,,,,,,,,,,,,,,,,,,,,,,,False,False,True,False,False,,
DOWEXPSR2+,Dowex PSR2+,Ion exchange resin,strong base anion,,,Polystyrene (PS),Amine,,,,,,,,,1.59,,,,,,,,,Ion exchange resin,strong base anion,Polystyrene (PS),,,,,,,,,,,,,,,,Amine,False,False,False,False,False,False,False,False,False,True,False,False,False,False,False,False,False,False,,,,,,,
DOWEXPSR2PLUSCL,DOWEX PSR2 Plus Cl,Ion exchange resin,strong base anion,,,Polystyrene-divinylbenzene (PS-DVB),Amine,Gel,0.7000000000000001,,,,,,,,,,,,,,,,Ion exchange resin,strong base anion,Polystyrene-divinylbenzene (PS-DVB),Gel,,,,,,,,,,,,,,,Amine,False,False,False,False,False,False,False,False,False,True,False,False,False,False,False,False,False,False,False,False,False,True,False,,
EVOQUA,Evoqua,Activated carbon,granular activated carbon,,,,,,,868.0,0.376,0.327,0.049,,,,,,,0.1098,,,,,Activated carbon,granular activated carbon,,,,868.0,,,,,,,0.376,0.327,0.049,,,,,,,,,,,,,,,,,,,,,,,,,,,,,
FILTRASORB200,Filtrasorb 200,Activated carbon,granular activated carbon (GAC),bituminous coal,,,,,0.55–0.75,765.7,,0.34,0.07500000000000001,,,,,,,,,,,850.0,Activated carbon,granular activated carbon (GAC),,,,765.7,,,,,,,,0.34,0.07500000000000001,,,,,,,,,,,,,,,,,,,,,,,,,,,,matched,https://www.calgoncarbon.com/app/uploads/FILTRA200.pdf
FILTRASORB300,Filtrasorb 300,Activated carbon,granular activated carbon (GAC),bituminous coal,,,,,0.8–1.0,1090.0,0.422,0.418,0.2205,,30.3,,,0.8737,0.0072,0.0459,6.6,,,900.0,Activated carbon,granular activated carbon (GAC),,,,1090.0,30.3,6.6,,,,,0.422,0.418,0.2205,,,,,,,,,,,,,,,,,,,,,,,,,,,,matched,https://www.calgoncarbon.com/app/uploads/DS-FILTRA30018-EIN-E1.pdf
FILTRASORB390,Filtrasorb 390,Activated carbon,powdered activated carbon,,,,,,0.012,,,,,,,,,,,,,,,,Activated carbon,powdered activated carbon,,,,,,,,,,,,,,,,,,,,,,,,,,,,,,,,,,,,,,,,,,
FILTRASORB400,Filtrasorb 400,Activated carbon,granular activated carbon (GAC),bituminous coal,,,Pyridinic nitrogen; Amine; Pyrrolic nitrogen; Quaternary ammonium,,0.55–0.75,972.0,0.451,0.265,0.2105,0.165,31.3,,,,,,8.475,,,1000.0,Activated carbon,granular activated carbon (GAC),,,,972.0,31.3,8.475,,,,,0.451,0.265,0.2105,0.165,,,Pyridinic nitrogen; Amine; Pyrrolic nitrogen; Quaternary ammonium,True,False,False,False,False,False,True,True,False,True,False,False,False,False,False,False,False,False,,,,,,matched,https://www.calgoncarbon.com/app/uploads/DS-FILTRA40018-EIN-E1.pdf
FILTRASORB400M,Filtrasorb 400M,Activated carbon,granular activated carbon (GAC),bituminous coal,,,,Microporous,0.55–0.75,898.5,,0.371,0.091,,,,,,,,10.9,-8.0,7.0,1000.0,Activated carbon,granular activated carbon (GAC),,Microporous,,898.5,,10.9,,,,,,0.371,0.091,,,,,,,,,,,,,,,,,,,,,,,True,False,False,False,False,matched,https://www.calgoncarbon.com/app/uploads/FILTRA400M.pdf
FILTRASORB600,Filtrasorb 600,Activated carbon,granular activated carbon,sub-bituminous coal,,,,,0.895,745.0,,0.353,0.085,,,,,,,,,-29.2,7.0,,Activated carbon,granular activated carbon,,,,745.0,,,,,,,,0.353,0.085,,,,,,,,,,,,,,,,,,,,,,,,,,,,,
FILTRASORB820,Filtrasorb 820,Activated carbon,granular activated carbon (GAC),bituminous coal,,,,,1.0 - 1.2,1120.0,,0.407,0.056,,,,,,,,,,,900.0,Activated carbon,granular activated carbon (GAC),,,,1120.0,,,,,,,,0.407,0.056,,,,,,,,,,,,,,,,,,,,,,,,,,,,matched,https://www.calgoncarbon.com/app/uploads/31_Filtrasorb_820_1019web.pdf
FILTRASORBF100,FILTRASORB F100,Activated carbon,granular activated carbon,,,,,,,653.0,0.11,,,,16.3,,,,,,7.4,,,,Activated carbon,granular activated carbon,,,,653.0,16.3,7.4,,,,,0.11,,,,,,,,,,,,,,,,,,,,,,,,,,,,,,,
FILTRASORBF200,FILTRASORB F200,Activated carbon,granular activated carbon,,,,,,,646.0,0.082,,,,17.1,,,,,,8.1,,,,Activated carbon,granular activated carbon,,,,646.0,17.1,8.1,,,,,0.082,,,,,,,,,,,,,,,,,,,,,,,,,,,,,,,
FILTRASORBF816,FILTRASORB F816,Activated carbon,granular activated carbon,,,,,,,598.0,0.098,,,,16.8,,,,,,5.9,,,,Activated carbon,granular activated carbon,,,,598.0,16.8,5.9,,,,,0.098,,,,,,,,,,,,,,,,,,,,,,,,,,,,,,,
G.C.POWDEREDS,G.C. Powdered S,Activated carbon,powdered activated carbon,coconut shell,,,,,0.0975,,,,,,,,,,,,,,,,Activated carbon,powdered activated carbon,,,,,,,,,,,,,,,,,,,,,,,,,,,,,,,,,,,,,,,,,,
HYDRAFFIN30N,Hydraffin 30N,Activated carbon,granular activated carbon,bituminous,Physical_Steam,,,,,1054.0,,,,,,,,,,,,,,,Activated carbon,granular activated carbon,,,,1054.0,,,,,,,,,,,,,,,,,,,,,,,,,,,,,,,,,,,,,,
HYDRAFFINCC8*30,Hydraffin CC8*30,Activated carbon,granular activated carbon,,,,,,1.48,1000.0,,,,,,,,,,,,,,,Activated carbon,granular activated carbon,,,,1000.0,,,,,,,,,,,,,,,,,,,,,,,,,,,,,,,,,,,,,,
HYDRODARCO4000,Hydrodarco 4000,Activated carbon,granular activated carbon,lignite,,,,Mesoporous,1.04,643.5,,0.1845,0.4525,,,,,,,,9.75,,,,Activated carbon,granular activated carbon,,Mesoporous,,643.5,,9.75,,,,,,0.1845,0.4525,,,,,,,,,,,,,,,,,,,,,,,False,True,False,False,False,,
HYDRODARCOB,HydrodarcoB,Activated carbon,powdered activated carbon,lignite,,,,Mesoporous,0.025,503.0,,0.173,0.301,,,,,,,,11.4,,,,Activated carbon,powdered activated carbon,,Mesoporous,,503.0,,11.4,,,,,,0.173,0.301,,,,,,,,,,,,,,,,,,,,,,,False,True,False,False,False,,
INTRAPLEX,Intraplex,Activated carbon,specialty activated carbon,,Thermal,,,,,983.0,,0.29,,,35.0,,,,,,9.2,,,,Activated carbon,specialty activated carbon,,,,983.0,35.0,9.2,,,,,,0.29,,,,,,,,,,,,,,,,,,,,,,,,,,,,,,
IRA958,IRA958,Ion exchange resin,Strong base anion,,,crosslinked acrylic macroreticular structure,quaternary ammonium,Macroporous,0.63 - 0.85,,,,,,,3.7,800.0,,,,,,,,Ion exchange resin,Strong base anion,crosslinked acrylic macroreticular structure,Macroporous,,,,,,,,,,,,,,,Quaternary ammonium,True,False,False,False,False,False,False,False,False,False,False,False,False,False,False,False,False,False,False,False,True,False,False,matched,https://www.lenntech.com/Data-sheets/Amberlite-IRA-958-Cl-L.pdf
K6362,K6362,Ion exchange resin,strong base anion,,,Polystyrene-divinylbenzene (PS-DVB),,Gel,,,,,,,,,,,,,,,,,Ion exchange resin,strong base anion,Polystyrene-divinylbenzene (PS-DVB),Gel,,,,,,,,,,,,,,,,,,,,,,,,,,,,,,,,,,False,False,False,True,False,,
LEWATITTP108,Lewatit TP108,Ion exchange resin,specialty resins,,,Polystyrene (PS),Quaternary ammonium,Gel,0.7000000000000001,0.072,,,,,,,700.0,0.4708000000000001,0.02041,,,,,,Ion exchange resin,specialty resins,Polystyrene (PS),Gel,,0.072,,,,,,,,,,,,,Quaternary ammonium,True,False,False,False,False,False,False,False,False,False,False,False,False,False,False,False,False,False,False,False,False,True,False,,
LEWATITVPOC1065,Lewatit VP OC 1065,Ion exchange resin,weak base anion,,,Polystyrene-divinylbenzene (PS-DVB),Amine,Macroporous,0.7,,,,,,570.0,,,,,,,,,,Ion exchange resin,weak base anion,Polystyrene-divinylbenzene (PS-DVB),Macroporous,,,570.0,,,,,,,,,,,,Amine,False,False,False,False,False,False,False,False,False,True,False,False,False,False,False,False,False,False,False,False,True,False,False,,
M800,M800,Ion exchange resin,strong base anion,,,Polystyrene-divinylbenzene (PS-DVB),,Gel,,,,,,,,,,,,,,,,,Ion exchange resin,strong base anion,Polystyrene-divinylbenzene (PS-DVB),Gel,,,,,,,,,,,,,,,,,,,,,,,,,,,,,,,,,,False,False,False,True,False,,
MIEXDOC,MIEXDOC,Ion exchange resin,strong base anion,,,Polymethacrylate (PMMA),Quaternary ammonium,Macroporous,0.25,,,,,,,,,,,,,,,,Ion exchange resin,strong base anion,Polymethacrylate (PMMA),Macroporous,,,,,,,,,,,,,,,Quaternary ammonium,True,False,False,False,False,False,False,False,False,False,False,False,False,False,False,False,False,False,False,False,True,False,False,,
MIEXGOLD,MIEX GOLD,Ion exchange resin,strong base anion,,,Polymethacrylate (PMMA),Quaternary ammonium,Macroporous,0.215,,,,,,,,,,,,,,,,Ion exchange resin,strong base anion,Polymethacrylate (PMMA),Macroporous,,,,,,,,,,,,,,,Quaternary ammonium,True,False,False,False,False,False,False,False,False,False,False,False,False,False,False,False,False,False,False,False,True,False,False,,
MP62,MP62,Ion exchange resin,weak base anion,,,Polystyrene-divinylbenzene (PS-DVB),,Macroporous,,,,,,,,,,,,,,,,,Ion exchange resin,weak base anion,Polystyrene-divinylbenzene (PS-DVB),Macroporous,,,,,,,,,,,,,,,,,,,,,,,,,,,,,,,,,,False,False,True,False,False,,
NORIT1240,Norit 1240,Activated carbon,granular activated carbon (GAC),sub-bituminous coal,,,,,0.43–1.7,900.0,,0.323,0.164,,,,,,,,,,,,Activated carbon,granular activated carbon (GAC),,,,900.0,,,,,,,,0.323,0.164,,,,,,,,,,,,,,,,,,,,,,,,,,,,matched,https://documents.thermofisher.com/chem-specs-pdf/retrievePdf?rootSku=39571&sku=395710010
NORIT1240AF,Norit 1240AF,Activated carbon,granular activated carbon,bituminous,Physical_Steam,,,,,993.0,,,,,,,,,,,,,,,Activated carbon,granular activated carbon,,,,993.0,,,,,,,,,,,,,,,,,,,,,,,,,,,,,,,,,,,,,,
NORIT1240W,Norit 1240W,Activated carbon,granular activated carbon,bituminous-coal,,,,,0.337,1007.5,0.4615,,,,17.5,,,0.8538,0.0047,0.0122,,,,,Activated carbon,granular activated carbon,,,,1007.5,17.5,,,,,,0.4615,,,,,,,,,,,,,,,,,,,,,,,,,,,,,,,
NORITAULTRAE153,NORIT A ULTRA E 153,Activated carbon,powdered activated carbon,,,,,,,,,,,,,,,,,,,,,,Activated carbon,powdered activated carbon,,,,,,,,,,,,,,,,,,,,,,,,,,,,,,,,,,,,,,,,,,
NORITGAC400,Norit GAC 400,Activated carbon,granular activated carbon (GAC),Bituminous coal,,,,,0.7,866.5,,21.0155,28.5765,,,,,,,,,,,1000.0,Activated carbon,granular activated carbon (GAC),,,,866.5,,,,,,,,21.0155,28.5765,,,,,,,,,,,,,,,,,,,,,,,,,,,,matched,https://www.urbansaqua.com/wp-content/uploads/2023/01/www.urbansaqua.com-activated-carbon-specifications-norit-gac-400-400-water-english-002.pdf
NORITGAC830,Norit GAC 830,Activated carbon,granular activated carbon,bituminous coal,Physical_Steam,,,,,924.0,0.14,,,,,,,0.825,0.005,0.165,6.9,,,,Activated carbon,granular activated carbon,,,,924.0,,6.9,,,,,0.14,,,,,,,,,,,,,,,,,,,,,,,,,,,,,,,
NORITROW0.8SUPRA,NoritROW 0.8 SUPRA,Activated carbon,granular activated carbon,charcoal,Physical_Steam,,,,,1407.0,,,,,,,,,,,,,,,Activated carbon,granular activated carbon,,,,1407.0,,,,,,,,,,,,,,,,,,,,,,,,,,,,,,,,,,,,,,
NORITROX0.8,Norit Rox 0.8,Activated carbon,granular activated carbon,,,,,,0.425,1100.0,,,,,,,,,,,,,,,Activated carbon,granular activated carbon,,,,1100.0,,,,,,,,,,,,,,,,,,,,,,,,,,,,,,,,,,,,,,
OLC12X30CBC,OLC 12 x 30-CBC,Activated carbon,granular activated carbon,coconut,,,,,0.71,908.0,0.025,,,,24.65,,,,,,7.5,,,,Activated carbon,granular activated carbon,,,,908.0,24.65,7.5,,,,,0.025,,,,,,,,,,,,,,,,,,,,,,,,,,,,,,,
PLUMESTOP,PlumeStop,Activated carbon,colloidal activated carbon,,,,,,0.0015,,,,,,,,,,,,,,,,Activated carbon,colloidal activated carbon,,,,,,,,,,,,,,,,,,,,,,,,,,,,,,,,,,,,,,,,,,
PUROFINEPFA694E,Purofine PFA694E,Ion exchange resin,Strong base anion gel resin,,,polystyrene backbone crosslinked with divinylbenzene (DVB),complex amino,Gel,0.700 avg (0.675 min),,,,,,,2.13,1300.0,,,,,,,,Ion exchange resin,Strong base anion gel resin,polystyrene backbone crosslinked with divinylbenzene (DVB),Gel,,,,,,,,,,,,,,,Amine,False,False,False,False,False,False,False,False,False,True,False,False,False,False,False,False,False,False,False,False,False,True,False,matched,https://www.purolite.com/product/pfa694e; https://www.lenntech.com/products/Purolite-Resin/PFA694E/PFA-694E-Polystyrenic-Gel/index.html
PUROFINEPFC100E,Purofine PFC100E,Ion exchange resin,strong acid cation,,,Polystyrene-divinylbenzene (PS-DVB),Sulfonic acid,Gel,0.5700000000000001,,,,,,,,,,,,,,,,Ion exchange resin,strong acid cation,Polystyrene-divinylbenzene (PS-DVB),Gel,,,,,,,,,,,,,,,Sulfonic acid,False,True,False,False,False,False,False,False,False,False,False,False,False,False,False,False,False,False,False,False,False,True,False,,
PUROLITEA110,Purolite A110,Ion exchange resin,weak base anion,,,Polystyrene-divinylbenzene (PS-DVB),Amine,Macroporous,0.75,,,,,,,,,,,,,,,,Ion exchange resin,weak base anion,Polystyrene-divinylbenzene (PS-DVB),Macroporous,,,,,,,,,,,,,,,Amine,False,False,False,False,False,False,False,False,False,True,False,False,False,False,False,False,False,False,False,False,True,False,False,,
PUROLITEA520E,Purolite A520E,Ion exchange resin,Strong base anion,,,macroporous polystyrene crosslinked with divinylbenzene,quaternary ammonium,Macroporous,0.3 - 1.2,,,,,,,2.44,900.0,,,,,,,,Ion exchange resin,Strong base anion,macroporous polystyrene crosslinked with divinylbenzene,Macroporous,,,,,,,,,,,,,,,Quaternary ammonium,True,False,False,False,False,False,False,False,False,False,False,False,False,False,False,False,False,False,False,False,True,False,False,matched,https://www.purolite.com/product/a520e
PUROLITEA532E,Purolite A532E,Ion exchange resin,Strong base anion gel resin,,,gel polystyrene crosslinked with divinylbenzene,complex amino,Gel,0.675,,,,,,,,700.0,,,,,,,,Ion exchange resin,Strong base anion gel resin,gel polystyrene crosslinked with divinylbenzene,Gel,,,,,,,,,,,,,,,Amine,False,False,False,False,False,False,False,False,False,True,False,False,False,False,False,False,False,False,False,False,False,True,False,matched,https://www.purolite.com/product/a532e
PUROLITEA592E,Purolite A592E,Ion exchange resin,Strong base anion,,,macroporous polystyrene crosslinked with divinylbenzene,complex amino,Macroporous,0.3 - 1.2,,,,,,,,900.0,0.642,0.0288,0.3112,,,,,Ion exchange resin,Strong base anion,macroporous polystyrene crosslinked with divinylbenzene,Macroporous,,,,,,,,,,,,,,,Amine,False,False,False,False,False,False,False,False,False,True,False,False,False,False,False,False,False,False,False,False,True,False,False,matched,https://www.urbansaqua.com/wp-content/uploads/2019/06/www.urbansaqua.com-purolite-a592e.pdf
PUROLITEA600E,Purolite A600E,Ion exchange resin,Strong base anion (Type I),,,gel polystyrene crosslinked with divinylbenzene,type I quaternary ammonium,Gel,0.570 +/- 0.050,,,,,,,,1600.0,,,,,,,,Ion exchange resin,Strong base anion (Type I),gel polystyrene crosslinked with divinylbenzene,Gel,,,,,,,,,,,,,,,Quaternary ammonium,True,False,False,False,False,False,False,False,False,False,False,False,False,False,False,False,False,False,False,False,False,True,False,matched,https://www.purolite.com/product/a600e-9149
PUROLITEA694,Purolite A694,Ion exchange resin,specialty resins,,,,Amine,,0.675,,,,,,,,,,,,,,,,Ion exchange resin,specialty resins,,,,,,,,,,,,,,,,,Amine,False,False,False,False,False,False,False,False,False,True,False,False,False,False,False,False,False,False,,,,,,,
PUROLITEA860,Purolite A860,Ion exchange resin,Strong base anion,,,macroporous polyacrylic crosslinked with divinylbenzene,quaternary ammonium,Macroporous,0.3 - 1.2,1.0,0.163,0.09,0.043,0.031,66.0,,800.0,,,,7.5,,,,Ion exchange resin,Strong base anion,macroporous polyacrylic crosslinked with divinylbenzene,Macroporous,,1.0,66.0,7.5,,,,,0.163,0.09,0.043,0.031,,,Quaternary ammonium,True,False,False,False,False,False,False,False,False,False,False,False,False,False,False,False,False,False,False,False,True,False,False,matched,https://www.purolite.com/product/a860
PUROLITEPFA649E,Purolite PFA649E,Ion exchange resin,strong base anion,,,,Amine,,0.675,,,,,,,,,,,,,,,,Ion exchange resin,strong base anion,,,,,,,,,,,,,,,,,Amine,False,False,False,False,False,False,False,False,False,True,False,False,False,False,False,False,False,False,,,,,,,
RESINEXTMPFCR1,Resinex TM PFCR-1,Ion exchange resin,specialty resins,,,Polystyrene-divinylbenzene (PS-DVB),Amine,Macroporous,,,,,,,,,,,,,,,,,Ion exchange resin,specialty resins,Polystyrene-divinylbenzene (PS-DVB),Macroporous,,,,,,,,,,,,,,,Amine,False,False,False,False,False,False,False,False,False,True,False,False,False,False,False,False,False,False,False,False,True,False,False,,
RESINEXTMPFCR2,Resinex TM PFCR-2,Ion exchange resin,specialty resins,,,Polystyrene-divinylbenzene (PS-DVB),Amine,Gel,,,,,,,,,700.0,,,,,,,,Ion exchange resin,specialty resins,Polystyrene-divinylbenzene (PS-DVB),Gel,,,,,,,,,,,,,,,Amine,False,False,False,False,False,False,False,False,False,True,False,False,False,False,False,False,False,False,False,False,False,True,False,,
SEPLITELSI106G,Seplite LSI106G,Ion exchange resin,strong base anion,,,Polystyrene-divinylbenzene (PS-DVB),Amine,,0.8,,,,,,,,,,,,,,,,Ion exchange resin,strong base anion,Polystyrene-divinylbenzene (PS-DVB),,,,,,,,,,,,,,,,Amine,False,False,False,False,False,False,False,False,False,True,False,False,False,False,False,False,False,False,,,,,,,
SEPRAWAX,Sepra-WAX,Ion exchange resin,Weak base anion,,,amine-modified styrene-divinylbenzene polymer,primary/secondary amine,,0.03,731.0,1.62,,,,85.0,,,,,,,,,,Ion exchange resin,Weak base anion,amine-modified styrene-divinylbenzene polymer,,,731.0,85.0,,,,,,1.62,,,,,,Amine,False,False,False,False,False,False,False,False,False,True,False,False,False,False,False,False,False,False,,,,,,matched,https://phenomenex.blob.core.windows.net/documents/Sepra_Brochure.pdf
SILCARBON,Silcarbon,Activated carbon,granular activated carbon,coal,,,,,0.29,1200.0,,,,,,,,,,,,,,,Activated carbon,granular activated carbon,,,,1200.0,,,,,,,,,,,,,,,,,,,,,,,,,,,,,,,,,,,,,,
SILCARBONTH90EXTRA,Silcarbon TH90 extra,Activated carbon,powdered activated carbon,anthracite coal,,,,,0.0625,1100.0,,,,,,,,,,,,,,,Activated carbon,powdered activated carbon,,,,1100.0,,,,,,,,,,,,,,,,,,,,,,,,,,,,,,,,,,,,,,
SINGICHEMICALGAC,Singi Chemical GAC,Activated carbon,granular activated carbon,,,,,,,,,,,,,,,,,,,,,,Activated carbon,granular activated carbon,,,,,,,,,,,,,,,,,,,,,,,,,,,,,,,,,,,,,,,,,,
SORBIXTMPURE,SORBIX TM PURE,Ion exchange resin,specialty resins,,,Polystyrene-divinylbenzene (PS-DVB),Quaternary ammonium,Gel,,,,,,,,,650.0,,,,,,,,Ion exchange resin,specialty resins,Polystyrene-divinylbenzene (PS-DVB),Gel,,,,,,,,,,,,,,,Quaternary ammonium,True,False,False,False,False,False,False,False,False,False,False,False,False,False,False,False,False,False,False,False,False,True,False,,
SUPELITEDAX8,Supelite DAX-8,Nonionic resin,nonpolar,,,Polyacrylic,,,,,,,,,,0.0,0.0,,,,,,,,Nonionic resin,nonpolar,Polyacrylic,,,,,,,,,,,,,,,,,,,,,,,,,,,,,,,,,,,,,,,,,
TAN1,TAN1,Ion exchange resin,strong base anion,,,Polystyrene-divinylbenzene (PS-DVB),Quaternary ammonium,Macroporous,0.42,,,,,,,,,,,,,,,,Ion exchange resin,strong base anion,Polystyrene-divinylbenzene (PS-DVB),Macroporous,,,,,,,,,,,,,,,Quaternary ammonium,True,False,False,False,False,False,False,False,False,False,False,False,False,False,False,False,False,False,False,False,True,False,False,,
ULTRACARB1240LD,UltraCarb1240LD,Activated carbon,granular activated carbon,bituminous-coal,,,,,,,,,,,,,,,,,,,,,Activated carbon,granular activated carbon,,,,,,,,,,,,,,,,,,,,,,,,,,,,,,,,,,,,,,,,,,
WPH1000,WPH 1000,Activated carbon,powdered activated carbon,,,,,,0.045,,,,,,,,,,,,,,,,Activated carbon,powdered activated carbon,,,,,,,,,,,,,,,,,,,,,,,,,,,,,,,,,,,,,,,,,,
WPHM,WPH-M,Activated carbon,powdered activated carbon,bituminous coal,,,,,0.075,940.0,,,,,,,,,,,,,,,Activated carbon,powdered activated carbon,,,,940.0,,,,,,,,,,,,,,,,,,,,,,,,,,,,,,,,,,,,,,
WPL,WPL,Activated carbon,powdered activated carbon,,,,,,,,,,,,,,,,,,,,,,Activated carbon,powdered activated carbon,,,,,,,,,,,,,,,,,,,,,,,,,,,,,,,,,,,,,,,,,,
WVB14X35,WVB 14x35,Activated carbon,granular activated carbon,Wood,,,,,,1558.0,1.53,0.09,0.29,0.74,,,,0.663,0.0005,0.034,4.5,,,,Activated carbon,granular activated carbon,,,,1558.0,,4.5,,,,,1.53,0.09,0.29,0.74,,,,,,,,,,,,,,,,,,,,,,,,,,,,
